order_item_id,order_id,product_id,quantity,unit_price,discount,reseller_id
1,1,7,3,89.76,4.01,2
2,2,174,3,268.73,4.67,1
3,3,9,1,37.17,1.73,5
4,3,155,1,172.76,24.74,4
5,3,180,3,131.66,11.83,4
6,3,72,1,230.05,7.35,3
7,4,88,2,55.09,10.55,2
8,4,87,1,36.9,0.71,9
9,4,89,3,86.71,0.75,2
10,4,118,3,46.2,8.52,10
11,5,142,2,250.53,30.99,7
12,6,148,1,214.33,1.96,1
13,6,59,2,295.71,50.59,1
14,6,26,2,90.61,11.52,2
15,7,42,2,113.03,15.15,4
16,7,180,3,197.93,24.11,4
17,7,44,3,221.45,7.24,9
18,8,70,3,209.57,9.2,10
19,8,84,1,76.42,0.49,1
20,8,81,2,87.64,3.7,9
21,8,146,3,101.26,13.27,4
22,9,165,2,51.43,1.44,9
23,9,191,3,166.3,24.85,7
24,9,110,3,125.83,5.52,4
25,9,36,3,153.12,23.15,8
26,10,40,3,56.39,7.67,10
27,11,17,2,120.67,24.04,5
28,11,136,2,291.61,50.2,1
29,11,3,3,219.01,29.86,3
30,11,138,2,232.89,15.84,7
31,11,76,2,55.87,0.04,6
32,12,129,1,157.23,3.35,5
33,12,161,2,254.08,25.8,3
34,12,51,1,118.44,3.83,4
35,13,1,3,104.01,0.41,6
36,13,93,2,79.44,3.83,2
37,13,146,1,34.84,3.39,2
38,13,18,3,232.09,5.96,7
39,13,122,3,57.89,6.11,2
40,14,109,1,279.38,42.2,6
41,14,177,1,216.76,17.3,6
42,14,172,3,118.29,21.28,10
43,14,116,1,81.89,1.05,5
44,14,6,3,170.64,20.08,1
45,15,19,3,193.02,8.84,8
46,16,85,1,159.11,8.86,9
47,17,55,3,48.37,9.05,2
48,17,147,3,147.07,23.08,7
49,17,105,1,37.35,4.92,2
50,17,91,2,129.22,22.32,9
51,18,173,3,295.41,5.81,5
52,19,187,2,242.17,5.29,10
53,19,50,1,165.52,4.64,6
54,19,47,2,144.16,25.21,10
55,19,20,2,244.33,41.83,4
56,20,13,3,299.79,50.13,2
57,21,193,1,58.23,5.66,1
58,22,103,1,57.74,0.02,4
59,22,100,2,278.69,43.76,5
60,23,109,3,287.62,57.26,2
61,23,143,3,218.34,6.76,4
62,23,76,1,290.93,33.7,2
63,24,16,3,100.95,1.01,7
64,24,123,3,276.62,29.38,5
65,24,15,3,33.23,1.23,8
66,24,153,1,205.81,9.68,6
67,24,31,3,81.4,9.68,3
68,25,21,2,200.64,22.68,6
69,25,81,2,69.24,9.92,6
70,25,62,2,124.78,16.76,4
71,25,77,2,101.69,15.29,5
72,25,19,1,142.9,28.54,2
73,26,19,3,71.81,3.81,10
74,27,18,1,117.16,3.7,3
75,27,140,3,97.73,19.23,9
76,27,168,3,12.27,2.01,4
77,28,170,1,282.29,7.58,3
78,28,30,1,225.3,7.0,8
79,28,73,3,71.08,4.87,7
80,29,130,2,82.83,15.04,5
81,29,14,1,193.94,32.17,9
82,29,12,1,106.73,2.79,4
83,30,42,3,138.13,19.49,6
84,30,144,1,42.44,8.02,1
85,30,177,1,168.22,28.08,4
86,31,142,1,134.64,1.13,1
87,31,94,1,270.69,11.37,6
88,31,64,3,39.81,6.21,7
89,31,105,3,227.35,42.09,5
90,31,61,1,293.1,47.53,2
91,32,7,1,223.6,14.86,4
92,32,106,3,260.58,42.25,10
93,32,69,1,238.34,5.15,6
94,32,10,2,74.51,12.17,4
95,33,90,2,247.96,43.21,8
96,33,58,1,201.41,16.05,7
97,33,72,1,290.4,16.21,8
98,33,165,3,125.91,24.71,3
99,34,85,1,43.45,8.43,5
100,34,46,3,289.13,15.35,3
101,34,28,3,136.02,19.82,4
102,34,81,2,185.8,19.0,9
103,34,99,3,65.12,0.58,9
104,35,1,3,278.42,29.98,5
105,35,185,3,223.74,8.82,10
106,35,111,1,285.17,52.52,7
107,35,160,2,202.38,5.04,10
108,36,130,2,203.4,13.27,7
109,36,179,2,170.78,6.55,6
110,36,171,2,206.42,37.27,4
111,37,146,2,127.76,21.3,3
112,37,78,2,70.95,11.15,9
113,37,156,3,103.45,9.14,8
114,37,173,1,158.24,25.12,2
115,37,189,1,201.07,11.41,1
116,38,86,1,247.34,37.16,2
117,38,173,2,75.15,2.99,3
118,38,7,1,81.0,7.7,3
119,38,197,1,142.07,25.18,7
120,38,148,1,218.32,16.77,10
121,39,63,1,200.26,0.22,2
122,39,193,1,235.74,10.32,7
123,39,179,3,144.72,16.13,7
124,39,32,2,48.67,4.52,10
125,40,144,3,102.02,15.41,8
126,40,114,3,246.35,43.95,9
127,40,110,3,139.31,4.43,5
128,40,122,2,85.17,4.21,9
129,40,164,2,232.09,24.2,1
130,41,71,2,32.47,1.86,2
131,41,70,2,102.72,11.1,9
132,42,39,1,121.08,3.7,5
133,42,55,1,130.31,8.62,6
134,43,107,1,69.98,5.88,2
135,43,198,3,284.36,1.11,5
136,43,196,3,120.31,0.14,7
137,43,91,2,228.51,39.0,3
138,44,138,3,223.04,35.68,8
139,44,57,2,73.63,6.42,1
140,44,8,2,107.48,14.6,5
141,44,104,3,57.86,5.41,9
142,45,160,3,17.82,1.4,3
143,45,145,3,17.86,2.3,9
144,46,119,1,24.58,1.86,2
145,46,55,2,104.79,15.95,5
146,47,72,2,83.16,1.36,9
147,47,5,3,166.43,33.28,10
148,47,90,1,198.54,31.02,4
149,47,167,1,228.73,43.44,3
150,48,6,3,54.19,1.37,6
151,48,172,1,173.55,7.57,3
152,49,197,2,58.66,7.12,9
153,49,192,3,43.21,7.08,9
154,49,80,1,177.82,33.03,1
155,50,174,2,125.03,17.88,10
156,50,20,3,210.28,26.38,6
157,50,27,3,234.02,39.8,8
158,50,154,1,240.91,27.27,1
159,50,11,2,164.5,21.76,2
160,51,130,3,108.96,18.51,6
161,52,28,2,288.63,36.69,5
162,52,118,3,54.37,1.92,4
163,52,134,3,88.32,14.28,1
164,52,138,2,144.81,23.91,4
165,53,69,2,257.0,42.7,10
166,53,23,2,265.67,12.96,2
167,53,119,3,187.0,14.17,2
168,53,8,2,256.78,9.34,8
169,53,55,2,241.37,16.43,2
170,54,180,2,171.18,17.69,9
171,54,49,1,79.99,6.5,3
172,54,143,1,210.28,27.16,3
173,54,126,2,239.95,4.47,8
174,54,57,2,210.62,12.9,9
175,55,95,2,170.51,11.72,3
176,55,191,3,105.93,14.89,5
177,55,70,2,82.91,2.0,9
178,55,50,2,44.67,4.79,10
179,55,196,3,63.69,2.76,7
180,56,71,3,180.98,27.52,4
181,56,153,2,294.35,49.02,9
182,56,76,1,114.66,6.93,4
183,56,182,3,46.71,0.43,5
184,57,142,2,212.25,5.36,7
185,58,27,1,176.48,16.57,6
186,58,113,2,63.47,0.65,8
187,58,123,1,248.41,19.91,9
188,58,19,3,192.54,2.06,8
189,59,145,2,34.7,1.72,2
190,59,143,2,185.83,29.39,4
191,60,199,3,120.31,21.86,4
192,60,77,3,297.11,18.15,2
193,61,16,3,288.43,5.72,6
194,61,196,1,191.4,10.13,1
195,61,21,1,79.56,8.78,10
196,61,41,1,128.47,17.71,9
197,61,121,2,19.47,1.12,4
198,62,180,2,30.64,1.43,10
199,62,68,3,181.04,29.11,4
200,62,51,2,43.29,1.95,1
201,63,69,1,30.71,1.02,2
202,63,79,3,227.2,25.86,1
203,64,113,1,145.92,8.87,4
204,64,104,2,155.14,15.32,2
205,64,21,3,21.56,1.86,1
206,65,155,2,17.5,0.8,6
207,65,173,3,180.27,0.75,2
208,65,196,3,248.21,28.61,9
209,66,121,3,198.94,36.45,4
210,66,47,3,136.41,22.21,5
211,67,121,2,128.42,8.25,8
212,68,42,2,129.38,12.82,4
213,69,195,3,20.64,0.36,9
214,69,65,2,43.62,6.74,3
215,69,132,1,200.72,21.78,10
216,69,106,1,64.4,4.66,10
217,70,161,2,230.4,9.38,8
218,70,141,1,279.03,24.45,4
219,70,179,2,45.21,8.8,8
220,70,156,1,215.84,13.41,7
221,71,142,2,37.03,7.35,4
222,72,119,1,197.84,6.09,2
223,73,131,3,89.29,14.91,2
224,73,121,1,142.47,4.12,7
225,73,49,3,157.39,27.68,6
226,74,71,2,108.56,17.1,7
227,75,1,2,220.55,36.94,7
228,75,149,3,152.0,4.52,8
229,75,138,2,110.09,12.15,1
230,76,97,2,280.53,48.79,2
231,76,179,1,175.82,8.21,1
232,76,199,2,22.66,3.38,7
233,76,181,2,121.96,16.19,6
234,76,167,1,153.65,1.14,2
235,77,152,2,262.21,45.84,4
236,77,113,1,162.53,14.85,4
237,77,185,1,128.89,16.88,4
238,77,40,1,146.15,28.33,9
239,77,87,3,210.88,27.41,8
240,78,173,3,120.2,7.61,3
241,78,184,2,262.99,1.89,7
242,78,18,1,193.04,35.56,3
243,79,192,1,135.85,2.67,5
244,79,163,3,263.05,23.34,8
245,80,8,1,104.07,1.17,4
246,80,92,2,134.9,6.59,2
247,80,106,3,207.72,7.48,8
248,81,21,3,262.54,32.54,9
249,81,62,2,274.72,7.86,2
250,82,164,2,143.28,19.11,1
251,82,120,2,206.51,6.52,9
252,82,114,2,296.42,17.74,1
253,82,109,3,82.53,13.95,2
254,83,99,2,40.93,3.12,4
255,83,92,3,95.8,13.4,3
256,84,169,2,89.6,10.14,7
257,85,156,3,154.05,27.86,8
258,86,199,1,186.05,13.11,8
259,86,163,1,190.06,25.76,4
260,86,185,3,207.45,5.67,7
261,87,161,3,21.43,3.38,1
262,88,149,2,222.38,4.01,3
263,89,84,3,130.5,5.24,7
264,89,139,2,163.95,29.95,1
265,89,43,2,275.07,51.94,7
266,90,192,2,243.23,22.78,5
267,90,20,1,228.7,10.32,8
268,90,174,3,205.58,16.34,5
269,91,94,1,239.3,0.67,7
270,91,138,1,141.89,19.09,9
271,91,173,2,179.52,29.53,8
272,91,96,1,205.7,19.4,3
273,91,159,3,105.12,12.83,4
274,92,163,2,273.72,16.54,5
275,93,30,1,23.15,0.17,4
276,93,127,1,38.19,6.78,1
277,93,35,2,141.56,18.98,10
278,93,191,3,284.33,23.83,9
279,94,107,3,38.72,3.79,1
280,94,105,2,19.49,1.44,6
281,95,114,1,258.08,5.13,1
282,95,176,2,167.9,32.84,1
283,95,92,1,125.46,4.76,10
284,95,32,2,36.59,1.55,8
285,96,6,1,238.17,11.6,9
286,96,33,3,69.51,11.54,9
287,96,142,1,180.05,29.28,3
288,96,60,2,234.57,37.0,1
289,96,153,1,90.41,17.79,9
290,97,139,2,241.57,5.31,2
291,97,7,1,14.31,2.26,3
292,98,151,2,14.58,0.77,2
293,98,33,3,132.08,3.0,10
294,99,122,2,235.62,24.19,2
295,100,116,3,74.25,9.13,4
296,101,78,2,196.57,1.22,7
297,101,123,2,133.62,2.89,2
298,101,183,2,31.31,0.51,10
299,101,156,1,29.05,1.6,4
300,101,163,3,169.02,10.99,10
301,102,136,2,141.58,17.14,10
302,102,26,3,43.18,5.65,1
303,102,197,3,219.04,9.42,10
304,102,116,1,130.01,21.51,2
305,102,103,2,221.59,13.85,7
306,103,171,2,118.55,3.62,10
307,103,122,1,36.46,0.62,10
308,103,111,1,225.93,16.84,9
309,104,143,1,180.07,20.22,6
310,104,85,3,45.45,3.21,5
311,105,185,1,290.84,34.92,4
312,105,91,1,177.6,7.56,6
313,105,169,2,75.03,1.62,4
314,105,143,2,43.32,2.41,5
315,106,110,3,292.62,47.9,7
316,106,158,3,196.38,1.03,3
317,107,8,1,89.25,13.61,5
318,107,87,2,11.77,2.05,8
319,107,145,3,126.23,3.58,6
320,108,24,3,163.84,12.33,2
321,109,88,1,117.32,16.93,1
322,109,199,3,182.9,32.31,8
323,109,40,1,228.79,2.28,10
324,109,21,2,138.5,11.75,10
325,110,114,2,89.22,13.47,2
326,110,30,2,134.67,7.63,2
327,110,174,3,151.12,20.16,9
328,110,12,1,124.63,14.94,4
329,110,2,1,97.41,4.12,9
330,111,196,2,93.94,2.25,5
331,111,128,3,134.89,3.49,3
332,112,181,1,155.08,25.85,6
333,112,91,1,125.15,18.57,2
334,112,112,1,143.33,2.23,4
335,112,81,3,134.49,10.88,6
336,112,164,2,93.96,7.61,5
337,113,44,3,143.43,19.78,3
338,113,93,1,136.65,2.89,8
339,113,112,3,126.13,1.98,9
340,114,191,2,74.26,11.57,5
341,114,20,3,193.64,20.55,10
342,114,50,2,111.82,21.43,9
343,115,61,1,52.47,2.07,1
344,115,155,1,230.46,30.21,9
345,116,198,3,153.29,23.13,5
346,116,195,3,140.18,25.91,2
347,117,165,3,296.09,19.14,3
348,117,161,2,53.78,0.73,5
349,117,114,3,97.82,5.37,2
350,117,15,2,157.13,9.75,2
351,117,116,1,26.5,4.41,9
352,118,166,1,188.35,19.1,3
353,119,149,3,286.73,42.37,5
354,119,11,2,273.62,31.28,5
355,119,49,2,185.45,18.6,10
356,119,16,2,40.02,7.2,4
357,120,183,1,156.32,5.39,6
358,120,64,3,136.95,12.04,4
359,120,134,3,56.04,4.18,5
360,121,100,2,234.59,31.85,9
361,121,14,3,197.72,2.61,8
362,121,25,3,206.73,11.75,5
363,122,39,2,33.64,4.46,1
364,122,90,2,290.63,40.6,2
365,122,101,1,182.56,34.25,7
366,122,80,3,119.24,18.88,5
367,122,33,3,213.82,40.5,1
368,123,24,3,204.43,20.79,1
369,123,5,2,99.57,18.94,6
370,123,88,2,65.68,13.14,3
371,123,40,1,95.78,15.1,5
372,123,130,3,252.18,44.57,3
373,124,170,2,264.15,32.65,8
374,125,97,1,57.05,9.49,9
375,125,198,3,244.62,8.1,7
376,125,113,1,129.15,17.47,9
377,125,61,2,187.07,28.15,1
378,125,115,1,164.86,10.2,2
379,126,50,2,206.71,23.58,2
380,126,113,2,233.14,36.28,3
381,126,129,3,131.41,4.26,9
382,126,52,3,50.14,2.51,1
383,127,96,3,280.95,39.97,6
384,127,133,1,92.67,14.14,10
385,127,70,2,272.54,8.03,9
386,127,112,1,284.46,12.63,3
387,128,90,1,130.32,10.33,7
388,128,96,1,121.99,1.99,3
389,128,58,1,102.42,2.03,1
390,128,183,3,107.23,3.13,5
391,129,74,2,211.86,5.88,6
392,130,115,3,11.52,0.18,1
393,130,66,1,252.14,27.68,6
394,130,187,3,163.05,3.63,4
395,130,74,1,97.33,0.93,4
396,131,164,3,142.56,3.16,2
397,131,128,3,165.46,20.91,6
398,131,148,1,218.38,12.72,9
399,131,1,3,112.32,12.82,7
400,132,171,3,34.83,6.79,10
401,132,18,3,167.78,26.39,3
402,133,142,1,123.23,11.59,4
403,133,163,2,294.5,14.94,3
404,133,5,2,238.67,16.46,3
405,133,188,3,192.19,29.65,7
406,133,189,2,48.69,3.43,1
407,134,165,1,250.81,34.35,3
408,134,179,2,193.2,31.36,6
409,134,17,3,235.1,21.52,7
410,135,52,1,239.42,42.42,4
411,135,81,2,159.46,31.55,5
412,135,140,2,83.46,12.57,3
413,136,74,2,260.02,2.49,2
414,136,168,2,89.23,14.27,7
415,137,103,3,137.52,26.31,1
416,137,87,1,153.9,15.31,8
417,137,133,2,242.33,35.24,4
418,137,21,2,184.71,30.38,4
419,138,76,2,39.75,2.61,8
420,138,76,2,139.32,20.0,6
421,138,43,3,138.73,12.41,5
422,138,187,2,188.31,16.38,4
423,138,164,1,31.76,4.05,4
424,139,132,3,207.03,39.45,1
425,139,37,3,206.65,18.11,4
426,139,33,1,78.44,10.12,7
427,140,99,3,19.39,0.6,6
428,140,116,2,117.88,17.99,5
429,140,147,1,163.54,13.02,2
430,141,64,1,17.51,0.65,5
431,141,133,2,274.93,6.48,6
432,141,199,2,214.17,9.19,9
433,142,74,3,275.78,27.09,7
434,142,32,1,257.32,23.26,9
435,142,183,2,299.21,48.5,6
436,142,82,3,110.75,1.44,1
437,142,139,2,268.49,45.72,2
438,143,93,3,75.03,14.78,5
439,143,36,1,239.21,1.26,3
440,144,147,2,145.55,28.62,10
441,144,34,3,266.43,3.5,5
442,144,102,3,218.47,22.97,1
443,144,197,2,248.77,3.67,2
444,144,82,3,31.51,2.94,10
445,145,89,1,264.61,41.29,7
446,145,164,3,62.77,12.13,6
447,145,111,3,274.11,3.04,6
448,145,32,3,54.37,1.79,7
449,145,83,3,75.39,14.29,10
450,146,73,1,82.68,10.5,9
451,146,142,2,46.3,2.8,2
452,146,137,1,155.75,5.25,7
453,146,149,1,59.65,7.45,10
454,146,155,2,254.33,28.67,4
455,147,21,1,285.08,43.96,5
456,148,167,1,232.42,19.36,1
457,148,164,1,154.43,19.37,7
458,148,75,3,287.43,27.76,1
459,149,77,2,31.16,0.37,9
460,149,113,2,150.43,6.14,9
461,149,156,1,100.65,14.46,4
462,149,188,2,292.86,7.66,6
463,150,132,3,40.79,1.97,7
464,150,32,2,140.38,3.96,2
465,150,13,2,284.16,49.11,6
466,151,64,1,245.91,45.92,10
467,151,185,2,65.05,2.07,6
468,151,132,2,154.64,9.54,2
469,151,6,1,284.12,28.72,5
470,152,56,3,112.34,1.14,9
471,152,127,3,265.88,34.79,5
472,153,74,3,12.37,0.27,7
473,153,35,2,220.98,33.76,6
474,153,94,1,126.17,14.39,7
475,153,50,2,170.43,2.51,5
476,154,116,3,91.12,18.03,9
477,154,175,3,44.46,8.67,3
478,154,101,2,240.52,16.31,4
479,154,94,1,67.73,6.9,7
480,154,129,1,23.14,0.63,7
481,155,122,3,142.53,17.28,3
482,155,132,1,105.11,12.89,10
483,155,42,2,297.28,43.96,10
484,156,152,2,157.12,16.02,5
485,156,126,3,173.25,16.46,7
486,156,5,2,106.06,2.32,9
487,157,150,2,241.06,34.97,1
488,157,177,3,17.73,1.68,5
489,157,168,3,177.51,25.61,5
490,157,150,2,59.45,7.48,4
491,158,199,2,52.85,7.2,7
492,158,9,3,284.98,6.26,10
493,158,5,2,100.97,3.06,10
494,158,177,1,129.01,20.0,6
495,158,121,3,220.95,31.19,8
496,159,54,3,104.26,13.81,8
497,159,135,2,100.99,3.5,8
498,159,137,2,168.42,22.77,4
499,159,185,3,196.56,27.26,9
500,159,157,2,65.76,3.24,8
501,160,77,1,283.03,55.6,3
502,160,198,2,214.42,29.6,2
503,160,126,2,149.14,16.72,5
504,160,185,2,93.46,10.72,9
505,160,140,2,269.77,21.29,10
506,161,198,1,94.23,5.42,6
507,161,183,1,110.45,9.77,2
508,161,66,3,148.93,6.02,4
509,162,70,3,211.89,5.82,5
510,162,158,3,180.18,8.74,4
511,162,172,3,75.44,3.51,4
512,162,26,2,105.79,10.0,3
513,162,175,1,11.5,1.27,1
514,163,105,3,281.16,49.39,1
515,163,123,3,67.84,13.08,4
516,164,74,3,27.16,4.18,8
517,164,167,3,77.34,11.43,10
518,164,10,1,131.19,21.98,2
519,165,102,2,64.03,9.59,8
520,166,10,1,96.53,11.64,7
521,166,86,2,141.76,18.18,10
522,166,135,2,267.89,7.19,4
523,167,120,2,65.92,1.49,7
524,167,42,3,143.09,7.36,8
525,167,48,1,223.62,35.37,7
526,167,146,3,229.61,8.06,4
527,167,164,2,249.83,25.75,3
528,168,103,3,37.66,7.39,1
529,169,83,1,11.98,0.92,2
530,169,115,2,286.67,17.31,7
531,169,186,3,13.32,1.74,4
532,169,178,1,28.02,0.66,3
533,170,41,2,208.96,38.58,9
534,170,181,2,210.18,26.85,8
535,170,76,2,188.24,8.25,1
536,171,123,1,141.94,28.07,9
537,171,96,2,213.56,38.99,4
538,172,171,1,230.94,31.42,2
539,172,153,1,162.4,17.16,8
540,172,93,1,276.0,6.19,3
541,172,141,3,68.63,7.37,8
542,172,43,2,257.8,22.78,9
543,173,184,3,151.76,27.28,9
544,173,115,1,141.5,14.52,10
545,174,145,1,172.05,23.15,6
546,174,79,3,16.31,0.83,8
547,174,1,3,73.19,1.07,10
548,174,109,2,213.11,23.07,9
549,175,18,2,19.2,1.57,7
550,176,197,3,293.72,37.94,9
551,176,108,2,297.93,22.79,8
552,177,97,1,207.99,27.53,3
553,177,139,1,199.52,13.88,8
554,177,46,3,123.99,3.16,8
555,177,58,1,229.29,44.87,5
556,178,173,3,167.89,17.86,4
557,178,59,1,143.58,4.45,5
558,178,49,3,231.99,1.49,9
559,178,170,2,188.33,35.26,8
560,179,62,1,29.51,3.51,4
561,180,154,3,213.95,2.08,5
562,180,190,1,126.66,5.94,8
563,180,56,1,50.64,10.06,2
564,180,60,3,177.07,20.45,5
565,181,61,2,264.11,52.07,4
566,181,134,1,129.93,7.15,5
567,181,143,3,265.12,48.34,6
568,182,143,2,23.6,1.63,6
569,182,165,3,120.53,12.64,9
570,182,179,2,128.4,7.7,2
571,182,48,3,147.32,25.02,3
572,183,182,1,243.68,44.58,3
573,183,144,2,290.66,32.4,4
574,183,35,2,80.43,3.27,7
575,184,116,2,36.81,5.33,3
576,185,14,2,119.38,14.44,4
577,185,11,1,64.57,9.84,2
578,186,56,2,70.58,12.8,7
579,186,78,1,71.42,2.71,7
580,186,190,1,226.59,34.18,6
581,186,63,3,185.28,7.58,9
582,186,62,3,103.27,5.85,8
583,187,137,3,114.19,5.97,7
584,187,132,2,145.14,23.3,1
585,187,185,2,230.87,14.79,4
586,187,53,2,100.75,0.92,7
587,188,190,1,14.7,1.63,7
588,188,150,3,218.8,12.92,10
589,189,85,1,120.15,20.03,1
590,189,128,3,199.84,27.37,10
591,190,196,2,290.29,37.26,7
592,190,126,2,58.79,9.35,8
593,190,44,1,218.89,21.38,1
594,191,165,1,161.94,27.18,6
595,191,20,3,24.07,0.03,5
596,191,36,3,77.12,10.91,7
597,191,3,1,156.66,11.69,7
598,191,159,3,203.36,25.08,9
599,192,169,2,14.56,1.55,9
600,192,106,1,14.85,2.14,10
601,192,138,2,14.97,2.43,4
602,192,173,2,243.79,44.36,8
603,193,25,3,53.18,2.04,4
604,194,65,2,87.52,6.95,5
605,194,96,2,143.11,6.96,7
606,194,179,1,96.99,16.06,8
607,194,21,3,297.59,38.68,1
608,194,9,1,127.53,9.62,7
609,195,15,3,12.74,0.44,6
610,195,128,2,197.02,13.05,7
611,195,25,3,276.55,12.71,3
612,195,178,3,147.9,1.38,8
613,196,176,2,270.8,30.52,3
614,197,46,2,14.54,0.6,10
615,198,193,3,248.06,46.08,9
616,198,77,1,173.55,19.67,1
617,199,174,3,106.2,16.05,7
618,199,36,3,220.01,22.04,10
619,199,89,1,38.33,1.78,10
620,199,20,2,185.5,22.77,1
621,200,102,2,18.59,1.02,2
622,200,116,2,76.16,8.42,7
623,200,97,2,63.86,7.48,3
624,200,98,1,233.93,13.82,8
625,200,64,3,31.32,1.68,3
626,201,183,3,54.74,4.27,1
627,201,93,1,36.54,6.89,5
628,201,114,2,230.79,4.72,7
629,201,23,1,134.98,15.04,6
630,202,105,1,17.62,1.25,4
631,202,24,3,183.43,11.9,8
632,202,99,1,94.64,7.34,6
633,202,22,3,271.33,49.12,6
634,202,63,3,161.12,22.08,7
635,203,36,2,97.33,9.6,5
636,203,17,1,136.06,11.46,7
637,204,20,2,82.99,4.09,5
638,204,161,2,182.2,7.13,2
639,204,28,1,98.35,18.66,8
640,204,86,3,120.17,20.72,1
641,205,86,2,246.49,42.37,9
642,205,153,1,97.13,11.72,1
643,205,178,1,148.91,5.29,6
644,205,102,2,94.52,13.14,4
645,206,148,1,104.51,5.86,2
646,206,101,2,43.03,4.85,1
647,206,152,3,62.18,9.55,1
648,206,7,3,143.87,20.38,4
649,207,75,3,30.06,5.1,4
650,207,105,3,154.8,19.61,1
651,207,62,2,201.01,28.75,10
652,207,97,1,140.23,16.77,3
653,208,103,3,156.92,28.89,4
654,208,178,2,167.66,26.51,3
655,208,93,3,269.7,28.96,8
656,208,164,1,41.72,2.07,2
657,208,171,2,58.24,7.14,10
658,209,166,3,197.56,38.2,4
659,209,85,2,40.72,0.8,8
660,209,57,3,226.59,25.29,5
661,209,177,3,74.1,5.54,6
662,209,119,3,180.69,18.09,3
663,210,7,2,40.32,3.35,10
664,210,22,1,251.08,36.67,10
665,210,90,2,109.49,17.17,2
666,211,124,2,148.09,12.98,3
667,211,179,2,102.48,6.15,5
668,211,182,1,16.55,1.14,2
669,211,28,3,242.01,45.01,10
670,211,190,1,159.64,17.62,1
671,212,144,2,287.95,13.35,5
672,212,104,3,63.49,8.13,10
673,212,111,2,18.47,2.27,7
674,213,116,3,134.57,0.12,7
675,213,55,1,90.72,12.77,4
676,214,148,1,241.86,25.97,2
677,215,84,1,142.69,7.49,10
678,215,126,3,290.12,18.18,4
679,215,100,3,123.84,2.83,2
680,216,118,3,60.03,8.09,5
681,216,77,3,181.15,24.35,10
682,216,81,1,79.19,1.85,2
683,217,178,1,158.14,13.23,10
684,217,36,3,121.28,4.51,1
685,217,163,3,211.1,27.24,6
686,218,143,1,152.0,4.27,9
687,218,81,2,189.63,32.83,7
688,219,125,1,66.59,5.11,6
689,220,130,3,153.54,21.03,2
690,220,107,3,253.57,24.78,9
691,220,22,3,18.95,2.88,6
692,220,75,1,89.71,9.65,1
693,220,44,2,174.04,26.89,7
694,221,141,3,42.83,0.98,8
695,221,199,3,248.75,18.25,2
696,221,194,1,230.4,20.34,7
697,221,56,2,39.7,6.59,6
698,222,77,1,140.42,9.79,8
699,222,23,2,260.93,6.13,3
700,223,54,3,180.5,12.66,7
701,223,182,3,193.5,6.42,3
702,224,53,1,243.58,27.77,9
703,224,137,2,183.09,6.17,5
704,225,75,3,87.53,15.02,10
705,225,174,1,49.32,7.4,9
706,225,106,1,297.82,51.64,8
707,226,180,1,82.41,11.73,8
708,226,64,3,123.88,3.52,7
709,227,161,2,118.8,1.79,10
710,227,197,1,126.83,19.02,5
711,227,178,2,141.86,13.85,6
712,228,1,3,37.01,7.2,4
713,228,163,3,212.21,36.08,2
714,228,137,2,73.17,6.29,5
715,228,55,2,87.88,14.56,8
716,228,87,3,177.6,20.11,4
717,229,88,3,231.05,2.12,8
718,229,161,2,14.72,2.74,10
719,229,41,2,142.39,28.25,10
720,229,110,1,298.75,54.34,7
721,230,41,2,37.07,2.67,6
722,230,22,2,202.71,26.31,1
723,230,14,2,191.43,27.8,8
724,231,110,3,36.45,0.69,6
725,231,55,2,32.6,3.87,3
726,232,175,2,12.69,1.77,8
727,232,31,2,211.27,20.18,4
728,232,59,2,35.91,5.79,6
729,232,27,2,116.59,6.98,5
730,232,98,1,196.06,26.55,6
731,233,136,3,12.46,1.62,5
732,234,90,3,71.79,10.74,10
733,234,106,3,209.1,35.96,5
734,234,23,1,50.6,1.25,9
735,234,187,2,111.95,9.61,1
736,235,64,2,196.94,9.77,9
737,235,154,3,219.14,12.49,4
738,236,169,2,69.58,8.45,2
739,237,192,2,95.71,1.04,4
740,237,62,2,121.91,5.88,7
741,238,19,3,267.73,0.65,8
742,238,93,2,48.28,8.31,9
743,238,146,2,115.97,15.84,4
744,238,196,2,286.79,44.19,8
745,238,5,3,29.58,1.55,8
746,239,16,2,156.92,19.73,8
747,240,197,2,132.84,10.69,1
748,240,164,3,165.92,5.07,2
749,240,22,2,32.92,6.06,5
750,240,40,3,104.76,12.29,4
751,240,196,3,207.51,2.74,7
752,241,187,1,26.79,0.46,4
753,241,112,1,141.48,17.23,5
754,241,80,3,225.09,33.34,10
755,241,31,1,215.29,30.21,6
756,242,128,2,161.67,25.32,8
757,242,185,2,58.42,1.48,9
758,243,188,1,233.71,1.37,9
759,243,110,2,161.92,8.52,6
760,243,148,3,32.35,2.95,7
761,244,15,2,259.21,8.65,9
762,244,41,2,234.27,41.9,6
763,244,173,3,43.45,6.44,6
764,245,12,1,80.92,7.64,8
765,246,39,1,280.04,48.03,5
766,246,142,3,224.79,18.85,5
767,246,83,1,130.71,18.83,5
768,246,70,1,175.75,4.2,4
769,247,46,1,243.26,47.75,2
770,248,18,2,261.15,40.4,4
771,248,80,2,35.05,3.2,6
772,248,95,1,94.56,14.84,2
773,248,190,3,80.35,5.92,9
774,249,198,1,222.41,24.31,3
775,249,63,1,11.85,0.97,4
776,249,60,3,110.46,18.55,4
777,249,3,2,10.42,1.37,8
778,250,27,1,163.65,7.8,5
779,250,126,1,292.04,8.32,10
780,250,72,1,22.73,1.05,9
781,251,106,3,269.72,24.73,10
782,251,192,1,178.42,18.04,5
783,251,164,2,31.7,3.6,2
784,251,112,3,289.62,13.71,4
785,251,67,2,278.55,21.89,5
786,252,82,2,88.87,1.33,4
787,252,52,1,236.18,27.62,6
788,252,40,1,57.67,5.38,3
789,253,31,3,113.9,17.55,5
790,253,116,2,144.37,24.61,1
791,253,24,1,244.2,14.86,9
792,253,181,3,184.96,7.95,3
793,254,38,1,216.24,41.88,5
794,254,102,3,24.2,1.45,1
795,254,45,1,286.11,48.9,1
796,255,192,3,82.46,7.62,9
797,255,36,1,13.47,2.24,5
798,255,57,1,67.46,5.4,3
799,255,176,3,281.9,4.74,8
800,255,151,2,276.05,4.14,2
801,256,51,3,138.6,3.57,1
802,257,32,1,283.26,2.87,10
803,257,147,2,248.29,19.61,5
804,257,8,2,208.13,7.19,8
805,258,48,2,91.16,16.11,8
806,258,9,3,189.56,9.32,8
807,259,128,2,266.01,25.49,6
808,259,23,2,121.07,10.15,3
809,259,165,3,82.25,16.35,1
810,260,5,2,236.76,17.0,5
811,260,140,2,109.77,12.42,8
812,260,83,2,88.43,0.46,2
813,260,153,1,18.5,3.0,2
814,260,72,1,244.51,23.07,7
815,261,197,3,299.89,58.42,8
816,261,26,1,200.49,10.69,2
817,261,189,1,231.57,43.9,10
818,262,100,2,281.21,55.77,1
819,262,45,1,78.6,5.0,3
820,262,189,3,114.05,13.49,3
821,262,181,3,111.99,12.71,10
822,262,37,3,285.03,47.7,5
823,263,139,2,60.91,0.46,2
824,263,15,1,184.48,0.74,4
825,263,123,1,106.2,13.04,2
826,263,34,2,217.91,40.04,9
827,264,16,1,52.84,7.45,7
828,264,37,1,255.48,43.98,10
829,264,19,2,214.32,28.38,10
830,265,26,2,97.51,2.66,10
831,265,41,3,285.12,45.15,4
832,265,125,3,102.01,14.43,9
833,265,144,3,267.98,32.89,7
834,265,92,1,203.0,33.07,8
835,266,79,3,209.66,5.34,8
836,266,187,1,285.15,54.1,5
837,266,101,3,19.39,2.34,10
838,266,157,1,195.5,4.07,7
839,267,37,2,226.15,10.76,5
840,267,82,1,194.49,37.46,10
841,267,182,3,195.34,34.64,10
842,267,115,1,86.91,4.34,1
843,268,90,2,238.24,34.33,10
844,269,99,2,222.45,43.12,2
845,270,127,2,111.86,8.4,4
846,270,123,3,198.78,27.32,4
847,270,42,2,31.38,5.31,5
848,270,76,1,102.43,19.5,2
849,271,88,1,267.5,8.61,3
850,272,141,1,108.01,21.28,4
851,273,181,1,135.08,17.66,3
852,273,156,2,55.56,1.13,9
853,273,53,1,128.69,14.26,2
854,273,187,3,86.93,4.89,3
855,274,25,1,123.94,13.63,1
856,274,126,1,25.81,0.02,7
857,275,76,3,191.28,18.38,8
858,276,7,1,59.54,3.47,10
859,277,122,1,99.42,7.9,8
860,278,170,2,36.43,3.96,5
861,278,48,2,266.79,19.71,1
862,278,115,1,86.36,8.03,4
863,278,58,2,173.63,5.25,5
864,279,22,3,109.7,11.88,5
865,280,59,3,27.69,2.14,8
866,280,134,2,290.03,39.85,2
867,280,122,3,265.68,25.31,4
868,280,21,2,271.81,38.83,5
869,280,129,3,271.13,43.41,10
870,281,38,1,285.28,25.62,4
871,281,43,1,244.45,6.17,7
872,281,109,1,296.6,25.83,2
873,281,161,1,251.89,12.99,9
874,281,187,1,35.24,3.92,4
875,282,84,2,160.71,29.48,3
876,282,4,3,190.69,19.93,5
877,282,108,1,130.19,3.86,3
878,282,151,3,229.93,43.21,2
879,282,28,3,236.07,37.1,1
880,283,89,2,86.6,11.34,3
881,283,147,3,147.18,5.07,5
882,283,104,1,189.29,25.77,10
883,283,103,1,124.78,21.94,10
884,283,177,1,24.29,2.31,5
885,284,96,1,107.98,17.14,8
886,284,80,2,254.43,43.67,2
887,284,176,1,292.02,13.31,8
888,285,191,2,234.47,15.05,5
889,285,187,2,185.44,3.31,7
890,285,114,1,274.9,22.39,5
891,286,195,3,261.48,42.94,9
892,286,132,1,29.03,4.12,9
893,286,104,1,236.35,24.78,8
894,286,146,1,60.38,10.57,8
895,287,15,1,19.59,0.2,2
896,287,93,3,67.74,4.99,10
897,288,130,2,194.27,4.81,1
898,288,8,1,118.02,14.02,7
899,288,46,2,180.2,12.61,6
900,288,42,2,227.2,31.3,10
901,289,8,2,24.4,4.17,5
902,289,200,1,258.56,33.48,1
903,289,174,1,88.03,7.21,2
904,290,200,3,12.58,2.29,4
905,291,154,1,74.89,9.11,10
906,291,79,3,290.44,37.34,10
907,292,97,2,143.11,6.25,1
908,292,78,3,160.98,20.08,5
909,292,150,1,12.13,2.42,10
910,292,96,3,197.73,24.09,1
911,293,176,1,149.7,10.07,3
912,293,71,3,104.29,5.78,8
913,293,168,3,286.13,37.28,9
914,294,39,3,231.99,41.74,8
915,294,154,2,201.55,27.44,5
916,295,168,2,299.27,15.53,3
917,296,104,2,223.65,26.08,10
918,296,147,1,109.52,15.63,7
919,296,176,3,195.11,18.56,8
920,296,172,2,157.12,26.57,2
921,297,47,2,38.3,0.98,8
922,297,67,3,244.42,37.29,6
923,297,47,3,270.88,35.45,7
924,297,57,2,74.77,13.03,6
925,297,108,2,117.79,13.79,6
926,298,31,2,25.57,3.24,2
927,298,149,3,30.65,5.45,3
928,298,129,1,261.57,19.97,6
929,298,77,2,25.68,4.39,7
930,299,52,2,128.67,14.65,8
931,299,118,1,101.75,14.56,5
932,300,125,2,193.0,6.83,7
933,301,2,2,89.32,13.6,9
934,302,148,1,151.98,23.21,1
935,302,23,1,188.2,23.84,8
936,303,110,2,121.16,0.91,2
937,303,52,3,118.2,0.33,6
938,303,83,3,65.27,8.83,5
939,303,161,3,82.16,11.4,6
940,304,80,1,39.79,4.01,2
941,304,79,1,28.93,0.26,7
942,304,75,2,221.07,26.37,9
943,305,112,3,298.69,20.47,1
944,305,126,2,227.53,7.5,9
945,305,104,1,76.24,11.09,8
946,306,55,3,16.35,1.65,7
947,306,32,2,216.22,34.25,1
948,307,164,2,233.66,29.12,4
949,307,153,1,201.97,26.4,9
950,307,6,1,210.03,17.51,6
951,307,98,1,168.71,16.01,10
952,308,53,3,208.86,0.39,8
953,308,108,3,39.28,4.09,8
954,309,156,3,49.78,8.27,1
955,309,27,3,218.44,5.14,4
956,309,30,1,154.34,18.8,5
957,309,200,2,251.13,48.88,9
958,309,92,3,128.83,4.13,3
959,310,128,1,209.58,20.15,5
960,310,61,1,13.7,0.24,8
961,310,29,3,204.02,6.09,8
962,310,24,3,31.76,4.6,2
963,310,66,3,77.04,15.23,1
964,311,68,2,24.52,3.99,10
965,311,11,2,114.46,15.49,4
966,311,110,3,43.61,7.42,3
967,312,3,1,202.37,6.9,5
968,313,113,3,87.81,12.87,9
969,313,96,2,63.03,5.05,1
970,313,117,2,252.36,34.82,9
971,314,108,3,266.98,8.91,7
972,314,34,3,220.66,43.32,2
973,314,41,1,130.65,15.44,4
974,314,146,3,137.07,16.76,2
975,315,157,1,260.15,45.78,8
976,315,187,1,150.09,14.65,2
977,315,106,2,23.33,1.22,3
978,316,4,3,261.82,27.48,8
979,316,191,3,219.89,9.85,5
980,316,172,2,160.54,22.1,9
981,317,25,2,201.9,10.04,5
982,317,89,3,206.13,15.87,7
983,317,143,3,25.82,3.32,8
984,317,41,3,256.17,43.64,8
985,317,43,1,227.91,14.62,4
986,318,72,1,157.01,17.29,8
987,318,97,2,246.96,3.89,9
988,318,114,3,139.95,23.98,3
989,319,81,1,294.39,43.88,7
990,319,5,1,127.0,0.91,4
991,319,141,1,249.51,39.51,10
992,319,159,3,98.33,10.0,9
993,320,168,3,142.3,9.7,3
994,320,14,1,254.85,16.92,2
995,321,154,2,217.83,15.83,5
996,321,116,1,38.26,5.04,7
997,321,1,2,112.99,14.32,6
998,321,75,3,161.38,22.66,9
999,321,12,1,152.8,25.12,5
1000,322,28,2,187.15,7.02,1
1001,322,101,1,142.54,22.28,5
1002,322,184,2,41.25,3.42,5
1003,322,163,3,180.76,27.91,10
1004,323,118,3,180.9,18.24,10
1005,323,128,1,163.81,1.59,8
1006,323,111,3,150.05,15.26,3
1007,323,46,3,177.78,25.97,8
1008,324,27,2,200.68,24.33,9
1009,324,83,3,265.6,22.24,8
1010,325,178,1,89.34,17.22,6
1011,325,76,2,243.39,6.73,6
1012,325,155,3,267.07,27.36,9
1013,325,180,3,259.61,36.96,9
1014,325,142,3,73.03,3.06,7
1015,326,176,2,277.15,7.35,8
1016,326,182,3,292.8,10.41,6
1017,326,139,3,194.69,27.66,4
1018,327,144,2,179.01,33.75,4
1019,327,182,2,205.53,36.74,10
1020,327,137,2,264.47,22.34,7
1021,328,134,1,17.33,0.5,4
1022,329,52,2,227.55,7.32,7
1023,330,175,2,52.46,0.65,1
1024,330,76,1,228.54,1.48,6
1025,330,116,1,188.67,25.49,8
1026,331,58,3,197.66,15.37,7
1027,331,131,3,93.42,12.42,7
1028,331,98,2,130.8,20.62,3
1029,331,176,2,290.09,3.12,8
1030,331,191,2,68.9,11.97,1
1031,332,58,3,214.34,27.76,3
1032,332,194,3,168.52,20.34,9
1033,332,199,3,289.64,17.04,10
1034,332,46,3,31.6,6.08,6
1035,333,31,2,21.78,1.22,2
1036,333,68,1,56.67,9.59,8
1037,333,2,2,145.24,27.23,2
1038,333,11,1,279.3,33.34,9
1039,333,199,3,188.53,24.96,8
1040,334,147,3,113.84,17.85,1
1041,334,82,3,73.79,2.71,3
1042,334,18,3,56.22,6.11,7
1043,334,104,1,111.33,19.67,3
1044,335,85,2,95.14,18.08,2
1045,335,159,3,147.71,16.58,8
1046,335,193,3,12.55,1.68,5
1047,336,62,3,187.97,23.35,6
1048,336,11,3,266.84,20.35,10
1049,336,30,2,84.41,12.22,7
1050,336,7,3,248.41,18.63,2
1051,337,115,2,22.72,4.08,6
1052,337,50,2,159.03,30.16,9
1053,337,43,3,164.63,20.64,7
1054,337,54,3,192.56,8.21,6
1055,337,176,2,252.34,10.38,8
1056,338,166,1,226.6,6.97,9
1057,338,118,3,106.2,1.86,1
1058,338,14,1,240.32,26.82,10
1059,338,148,1,274.19,22.35,2
1060,339,162,2,135.58,0.46,4
1061,339,173,1,165.1,21.18,5
1062,339,159,1,229.23,26.85,4
1063,339,180,1,113.73,11.44,2
1064,340,176,2,185.9,10.47,7
1065,340,113,2,124.58,16.46,2
1066,340,122,1,164.71,4.49,2
1067,341,140,2,288.44,8.31,8
1068,341,174,3,197.9,37.89,3
1069,341,3,3,263.68,7.46,5
1070,341,11,1,176.09,13.88,1
1071,342,22,2,70.92,10.52,1
1072,342,186,2,71.4,12.93,6
1073,342,132,1,56.68,2.5,1
1074,342,65,1,43.24,5.8,5
1075,342,146,1,256.9,47.91,6
1076,343,119,3,169.4,9.85,6
1077,343,18,2,38.48,5.58,7
1078,343,125,2,113.57,15.25,3
1079,343,61,1,92.69,1.29,4
1080,343,50,2,150.9,9.91,9
1081,344,178,3,54.19,6.14,7
1082,344,81,2,58.91,3.69,10
1083,344,57,3,224.55,19.59,3
1084,345,35,3,222.56,39.08,3
1085,345,119,2,114.04,6.97,3
1086,345,142,1,60.97,7.4,2
1087,346,36,3,66.97,9.83,10
1088,346,161,1,220.95,39.42,7
1089,346,130,3,19.05,2.22,10
1090,347,197,3,71.7,0.53,4
1091,347,67,3,269.26,29.06,8
1092,347,168,1,116.09,5.18,10
1093,347,198,3,222.64,12.96,3
1094,348,129,3,36.26,2.64,4
1095,348,3,3,79.28,15.29,8
1096,348,158,3,58.09,5.97,5
1097,348,115,1,61.95,11.75,8
1098,349,189,3,150.22,10.78,5
1099,349,57,2,77.21,4.08,1
1100,350,11,3,69.96,12.7,8
1101,350,93,2,146.21,13.29,5
1102,351,11,3,103.98,14.63,9
1103,352,163,2,252.11,13.28,3
1104,352,140,3,60.42,7.9,2
1105,352,94,3,199.47,33.33,8
1106,352,133,2,119.14,21.62,6
1107,352,133,2,112.34,19.5,10
1108,353,124,3,11.91,2.1,5
1109,353,113,1,76.7,7.89,7
1110,353,72,1,53.57,1.69,5
1111,353,155,3,246.92,32.65,8
1112,354,85,3,42.87,5.79,5
1113,354,123,1,181.33,23.47,4
1114,354,106,1,80.66,2.06,7
1115,354,152,1,49.07,5.03,8
1116,355,38,1,58.24,10.74,2
1117,355,133,2,183.81,20.72,4
1118,355,5,3,221.11,36.32,7
1119,355,22,1,140.27,27.85,10
1120,355,124,1,73.62,6.05,6
1121,356,150,1,190.73,19.49,10
1122,356,43,3,208.82,38.52,5
1123,357,152,1,76.65,5.91,5
1124,357,28,1,68.68,11.81,1
1125,357,130,3,131.74,3.94,7
1126,357,25,1,148.0,18.2,5
1127,357,10,3,155.97,3.67,1
1128,358,169,1,271.58,29.29,10
1129,358,1,3,198.28,20.7,1
1130,358,95,1,212.32,18.22,10
1131,358,124,2,111.65,17.97,8
1132,359,26,2,48.83,4.66,5
1133,359,60,1,92.15,16.16,4
1134,359,105,2,64.82,9.19,10
1135,359,2,3,161.54,16.79,6
1136,359,97,3,69.57,11.19,4
1137,360,93,1,54.89,7.15,4
1138,360,65,2,257.94,21.85,10
1139,360,94,3,89.91,12.24,5
1140,360,194,1,129.84,20.35,3
1141,361,46,2,172.14,16.65,2
1142,361,79,3,109.86,15.5,1
1143,361,189,1,257.95,34.01,5
1144,361,192,1,139.51,19.51,8
1145,362,26,1,157.42,24.75,1
1146,362,141,3,212.15,29.99,10
1147,363,100,3,11.53,0.21,6
1148,363,38,2,278.5,24.25,3
1149,364,68,1,117.54,14.32,2
1150,365,103,3,200.29,11.48,5
1151,365,153,1,284.26,46.63,6
1152,365,164,2,137.3,5.54,7
1153,365,169,3,92.94,0.62,3
1154,366,131,3,212.55,26.15,4
1155,366,173,1,114.32,14.98,3
1156,366,41,1,299.08,46.64,9
1157,366,91,3,124.59,14.6,6
1158,366,133,1,223.71,3.07,9
1159,367,141,2,220.58,24.67,9
1160,368,90,2,289.35,16.0,5
1161,368,156,1,141.88,11.46,3
1162,368,2,2,60.76,6.15,5
1163,368,144,1,155.92,10.6,8
1164,368,30,3,287.45,50.37,5
1165,369,65,3,138.4,10.44,6
1166,369,124,1,229.67,44.15,2
1167,369,118,3,143.61,16.85,8
1168,369,8,2,43.72,0.59,2
1169,369,163,1,206.3,9.49,3
1170,370,106,2,159.79,0.31,4
1171,370,68,1,93.31,7.44,7
1172,370,192,2,32.05,5.97,9
1173,371,81,2,73.38,8.42,6
1174,371,47,3,208.1,37.87,2
1175,371,128,3,67.9,9.99,7
1176,371,68,1,76.47,12.77,1
1177,372,92,1,235.89,5.66,5
1178,372,21,3,287.18,28.3,9
1179,372,2,3,287.82,48.81,2
1180,372,96,3,101.47,18.23,8
1181,372,148,2,152.33,29.99,6
1182,373,72,2,74.41,8.58,5
1183,373,14,3,241.79,23.13,10
1184,373,139,1,155.72,12.26,7
1185,373,176,1,142.59,3.43,6
1186,373,133,2,101.54,0.17,2
1187,374,98,3,39.22,2.84,4
1188,374,67,1,169.08,8.02,8
1189,375,157,2,116.12,11.58,1
1190,375,54,2,213.21,15.88,10
1191,375,103,2,140.71,16.08,9
1192,375,148,3,76.28,1.52,6
1193,376,61,3,135.34,10.31,10
1194,376,38,3,53.37,8.6,4
1195,376,46,2,154.88,30.84,2
1196,377,137,3,101.56,9.88,8
1197,377,65,3,258.97,2.47,5
1198,377,26,3,57.37,2.47,7
1199,377,66,2,253.3,4.88,2
1200,377,191,2,85.33,6.15,3
1201,378,66,2,15.75,0.38,1
1202,378,174,3,67.7,7.8,1
1203,378,167,3,60.62,9.46,5
1204,378,91,2,205.23,20.01,8
1205,378,189,2,267.99,20.42,2
1206,379,119,3,287.41,49.91,2
1207,379,164,2,132.33,16.21,4
1208,379,104,1,32.94,2.26,9
1209,380,82,3,94.49,5.05,3
1210,380,166,2,88.66,7.89,7
1211,380,93,3,180.21,34.8,8
1212,381,43,1,257.72,6.45,6
1213,381,61,3,82.98,12.35,9
1214,381,192,1,71.07,5.64,7
1215,381,25,1,281.67,26.66,10
1216,382,7,2,161.96,32.26,3
1217,383,68,3,55.03,7.21,7
1218,384,80,1,81.74,4.65,2
1219,384,161,1,48.07,8.06,8
1220,384,8,1,202.43,34.83,10
1221,384,84,2,145.49,25.34,7
1222,385,141,2,49.18,9.33,5
1223,385,139,1,181.34,16.56,1
1224,385,192,3,264.42,23.0,6
1225,386,80,2,149.68,6.8,4
1226,386,23,2,99.28,8.18,8
1227,386,40,2,13.06,1.37,8
1228,386,195,1,109.73,10.3,4
1229,386,3,3,277.41,52.54,6
1230,387,77,1,232.1,37.04,2
1231,387,153,1,241.06,26.43,6
1232,387,49,2,265.83,23.24,9
1233,387,64,1,217.33,28.08,6
1234,388,57,2,32.97,4.12,1
1235,388,133,3,244.2,33.44,7
1236,388,73,3,225.45,36.47,5
1237,388,106,1,257.51,9.39,4
1238,389,29,3,142.05,12.86,2
1239,389,180,3,152.68,9.79,8
1240,389,39,1,291.22,1.29,2
1241,390,73,2,46.26,4.06,4
1242,391,60,1,53.7,5.3,10
1243,392,108,2,237.86,23.71,1
1244,392,96,2,212.11,1.35,1
1245,392,21,1,26.25,4.07,6
1246,393,140,2,62.67,11.23,4
1247,394,98,1,45.37,6.97,3
1248,394,64,2,233.66,20.7,10
1249,394,189,1,67.76,9.97,4
1250,395,134,3,294.81,27.88,2
1251,396,83,1,192.46,1.62,9
1252,396,141,3,45.42,4.37,4
1253,396,77,1,114.52,1.19,10
1254,397,29,1,193.54,12.56,4
1255,397,43,2,179.56,14.21,4
1256,398,3,1,178.51,24.66,6
1257,398,177,3,54.95,8.47,3
1258,399,41,2,36.51,4.52,10
1259,399,195,3,27.42,1.95,1
1260,400,180,3,239.53,6.03,5
1261,400,60,2,294.69,46.48,3
1262,401,113,3,65.96,9.09,3
1263,401,92,3,49.07,8.82,9
1264,401,125,3,136.88,8.07,5
1265,402,49,3,64.12,4.46,3
1266,402,188,2,89.84,14.94,2
1267,402,142,1,29.97,0.93,1
1268,402,76,2,167.07,15.17,3
1269,403,98,3,63.8,0.24,1
1270,403,94,3,79.25,11.43,6
1271,403,169,3,247.52,9.4,4
1272,403,175,2,232.06,7.15,10
1273,403,73,2,128.84,8.3,6
1274,404,134,3,29.34,4.9,1
1275,405,46,1,68.6,6.66,3
1276,405,26,1,175.59,29.37,5
1277,406,135,3,213.38,10.92,1
1278,406,94,1,185.73,2.63,3
1279,406,54,3,152.51,27.14,7
1280,406,21,2,242.3,2.94,9
1281,407,191,2,248.39,39.46,2
1282,407,15,3,87.09,0.71,2
1283,407,19,2,32.6,1.41,8
1284,407,133,1,39.36,1.82,8
1285,407,99,1,66.0,8.67,6
1286,408,161,1,171.94,19.19,9
1287,408,192,1,232.22,26.78,10
1288,408,173,2,213.74,18.26,2
1289,408,27,1,239.81,26.38,8
1290,408,130,2,200.68,21.43,9
1291,409,114,2,271.72,29.89,4
1292,409,84,2,129.58,16.41,10
1293,409,186,2,186.44,21.0,1
1294,409,55,2,232.06,42.98,9
1295,409,66,2,288.88,25.85,5
1296,410,1,3,20.05,1.14,8
1297,410,5,3,49.17,8.76,1
1298,410,2,2,295.47,12.69,1
1299,410,81,1,233.74,44.1,8
1300,411,142,3,171.33,31.73,7
1301,411,40,1,20.94,1.49,7
1302,411,36,2,116.45,13.56,2
1303,412,66,2,36.65,2.93,8
1304,412,56,3,32.39,2.1,8
1305,413,45,2,249.45,34.4,2
1306,413,148,1,182.62,10.97,2
1307,413,188,3,120.65,18.82,6
1308,413,198,2,110.9,18.12,10
1309,414,31,1,226.83,38.54,3
1310,414,3,3,235.45,18.01,2
1311,414,79,3,21.94,2.37,3
1312,414,39,2,155.7,6.88,5
1313,415,173,3,299.24,58.11,10
1314,416,148,3,36.12,3.12,10
1315,416,101,1,48.33,0.8,9
1316,416,147,3,24.3,1.94,6
1317,416,22,2,155.53,24.07,7
1318,416,34,1,149.47,5.92,10
1319,417,167,3,66.87,8.24,9
1320,417,189,3,81.41,1.17,5
1321,417,199,2,103.79,19.18,8
1322,417,23,1,204.81,17.35,9
1323,418,49,2,109.91,14.41,10
1324,418,198,2,59.08,4.13,7
1325,418,114,3,52.29,0.47,2
1326,419,52,3,118.41,17.94,2
1327,419,22,1,224.48,10.91,9
1328,420,38,2,13.98,1.94,4
1329,420,29,2,140.52,0.64,7
1330,420,54,3,166.02,6.77,8
1331,420,134,2,169.15,21.08,4
1332,420,37,3,212.64,0.78,7
1333,421,170,3,22.61,0.77,6
1334,421,73,1,238.86,29.52,8
1335,421,14,2,199.88,0.33,7
1336,421,100,3,88.68,15.11,7
1337,421,169,2,260.64,0.99,2
1338,422,60,2,157.48,22.35,6
1339,422,81,2,261.36,27.79,7
1340,422,48,1,155.19,14.21,6
1341,422,183,1,21.53,3.97,5
1342,423,86,2,124.09,3.9,6
1343,423,89,3,112.05,14.01,3
1344,423,61,3,90.0,1.12,8
1345,424,100,1,283.8,53.87,2
1346,424,58,1,109.12,8.57,2
1347,424,36,1,221.67,23.09,2
1348,425,161,3,75.95,3.65,2
1349,425,40,2,291.46,53.03,7
1350,425,85,2,167.25,6.92,2
1351,425,36,3,166.99,26.72,6
1352,425,36,2,209.67,37.68,3
1353,426,111,1,200.31,22.63,9
1354,426,41,2,29.67,3.16,1
1355,427,48,2,253.46,7.38,10
1356,428,196,2,265.24,21.96,9
1357,429,78,2,226.23,37.18,9
1358,429,164,3,89.4,13.93,6
1359,429,28,1,63.58,9.7,2
1360,429,157,3,87.39,9.91,7
1361,430,153,1,76.96,0.4,6
1362,430,21,3,236.15,6.33,7
1363,431,121,3,198.37,7.3,1
1364,431,100,2,147.42,4.83,5
1365,431,58,1,128.49,24.9,10
1366,431,70,2,74.54,10.01,5
1367,431,52,1,29.18,5.41,6
1368,432,158,2,209.48,36.31,2
1369,432,64,2,127.41,1.07,10
1370,432,189,2,218.86,17.25,9
1371,432,191,3,182.2,19.14,4
1372,433,134,1,140.97,23.32,3
1373,434,63,3,165.98,32.66,8
1374,435,143,2,159.68,20.14,4
1375,436,49,2,137.47,24.32,2
1376,437,119,1,132.51,16.25,6
1377,437,14,3,159.92,4.55,9
1378,437,166,2,36.23,3.63,6
1379,438,200,3,281.97,39.26,2
1380,438,35,2,129.93,11.72,5
1381,439,117,3,270.02,48.38,10
1382,439,117,1,82.52,11.42,4
1383,440,184,3,45.83,1.05,7
1384,440,116,3,115.25,12.07,9
1385,441,187,3,187.5,6.0,10
1386,441,141,2,22.73,0.78,10
1387,441,86,3,262.68,45.32,9
1388,441,42,1,61.87,8.81,1
1389,442,79,2,221.75,42.62,10
1390,442,74,3,62.4,11.21,5
1391,442,52,1,190.54,9.65,1
1392,442,118,2,258.07,28.05,3
1393,443,156,2,78.98,9.3,5
1394,444,117,2,138.14,16.61,5
1395,444,2,1,265.83,14.79,6
1396,444,161,3,247.84,10.29,6
1397,444,48,1,25.97,1.81,1
1398,445,9,3,177.65,21.43,3
1399,445,85,1,24.22,2.02,3
1400,446,42,3,92.47,12.22,10
1401,446,180,3,175.96,19.78,7
1402,447,192,3,114.45,0.82,2
1403,447,197,2,103.62,18.6,3
1404,447,18,2,254.56,3.31,1
1405,447,121,1,45.39,7.8,2
1406,448,135,2,162.15,22.57,9
1407,448,157,1,41.7,6.09,4
1408,448,162,3,296.28,28.66,7
1409,449,181,2,133.85,22.7,7
1410,449,67,3,176.79,22.04,8
1411,449,34,3,173.16,18.0,6
1412,449,162,2,152.83,5.5,3
1413,449,157,1,215.49,42.2,6
1414,450,31,1,144.82,23.08,5
1415,451,158,2,130.07,8.68,6
1416,451,144,3,71.58,9.17,10
1417,452,66,1,99.25,10.06,10
1418,452,83,1,43.01,2.87,2
1419,452,102,3,174.99,33.6,1
1420,453,50,2,251.81,46.45,3
1421,453,123,2,241.2,31.15,3
1422,454,40,3,143.58,24.85,10
1423,454,86,2,237.36,19.65,1
1424,454,191,1,252.18,15.1,2
1425,454,186,3,101.5,10.88,5
1426,455,148,3,106.2,19.46,8
1427,455,91,1,291.19,16.33,7
1428,456,87,2,191.69,32.3,8
1429,457,156,2,64.34,1.5,10
1430,457,193,2,214.53,13.49,8
1431,457,9,2,130.02,12.93,7
1432,457,61,2,141.05,26.82,5
1433,457,56,3,97.67,2.19,4
1434,458,200,1,274.87,24.4,9
1435,459,124,3,54.68,3.72,2
1436,460,188,3,100.0,6.55,6
1437,460,197,1,248.42,46.6,7
1438,460,174,1,69.5,0.51,2
1439,460,100,3,260.79,6.04,5
1440,461,12,3,255.96,44.63,10
1441,461,86,2,267.86,5.52,8
1442,461,197,3,226.21,1.02,9
1443,462,164,1,103.06,3.97,5
1444,462,71,3,102.55,9.05,1
1445,462,31,2,53.3,2.92,4
1446,463,160,3,159.08,6.57,7
1447,464,141,2,88.61,16.72,10
1448,464,73,3,81.0,1.15,1
1449,464,157,2,166.77,1.69,1
1450,465,121,3,24.63,1.89,4
1451,466,110,2,61.91,7.38,5
1452,467,162,3,212.82,26.23,4
1453,467,80,2,247.06,35.23,3
1454,467,172,3,32.78,6.05,5
1455,467,196,2,174.66,3.25,5
1456,467,179,2,38.21,2.37,6
1457,468,121,1,284.76,8.19,2
1458,468,158,2,274.73,21.54,1
1459,468,180,3,105.8,18.21,8
1460,468,84,2,151.38,1.98,7
1461,469,90,2,143.76,4.91,3
1462,470,155,3,46.94,0.97,3
1463,470,183,1,104.5,13.57,7
1464,470,78,3,143.68,16.97,9
1465,471,159,1,168.91,32.9,4
1466,471,99,1,108.81,17.71,9
1467,472,111,2,174.49,11.94,9
1468,472,178,1,60.19,8.06,6
1469,472,190,3,176.51,17.18,2
1470,472,152,3,144.24,16.01,7
1471,472,114,1,99.33,8.06,1
1472,473,28,3,246.08,37.96,7
1473,473,98,2,153.35,20.25,1
1474,473,24,1,246.94,43.82,8
1475,473,194,3,244.85,37.07,2
1476,473,170,1,141.36,8.24,6
1477,474,148,2,66.74,9.1,10
1478,474,82,2,175.38,32.03,7
1479,474,78,2,218.16,39.93,10
1480,474,23,3,12.35,2.44,7
1481,474,104,1,257.23,3.21,7
1482,475,14,1,213.97,35.12,5
1483,475,92,1,259.76,44.97,2
1484,475,61,2,213.64,16.85,7
1485,475,82,3,121.01,9.23,1
1486,475,140,1,202.12,19.2,6
1487,476,143,2,254.57,18.34,3
1488,476,107,1,93.66,16.35,10
1489,477,35,1,30.81,0.1,8
1490,477,185,2,200.8,39.15,6
1491,478,22,1,196.25,16.32,2
1492,478,117,3,185.28,15.77,7
1493,479,117,3,133.0,21.81,2
1494,479,99,2,75.46,6.41,4
1495,480,148,2,255.57,12.1,7
1496,481,69,2,278.7,32.13,10
1497,481,9,1,174.76,24.64,7
1498,481,29,3,149.64,20.67,9
1499,481,37,3,222.08,43.69,2
1500,481,193,2,144.83,2.27,7
1501,482,23,1,147.01,21.81,5
1502,482,172,1,208.38,22.47,6
1503,482,149,2,187.78,33.94,4
1504,482,137,1,145.97,14.97,6
1505,482,121,3,222.81,18.76,3
1506,483,75,1,20.24,3.74,2
1507,483,192,2,220.82,24.9,9
1508,483,16,3,147.22,4.98,2
1509,484,169,2,244.58,30.54,9
1510,485,125,1,46.78,0.72,9
1511,485,72,2,48.44,2.72,4
1512,485,66,1,225.01,27.17,6
1513,486,190,1,201.16,14.88,6
1514,486,45,2,236.93,11.19,3
1515,486,47,3,259.98,17.83,4
1516,486,22,1,182.71,30.03,2
1517,486,127,2,233.41,11.11,3
1518,487,186,3,58.51,6.76,5
1519,487,89,1,196.26,29.65,4
1520,487,30,1,58.6,4.67,3
1521,487,78,2,226.38,34.07,10
1522,488,60,2,208.22,16.24,3
1523,488,68,1,163.83,14.24,2
1524,488,74,2,120.78,7.63,3
1525,488,136,3,287.2,5.59,8
1526,488,137,3,112.61,19.01,8
1527,489,167,2,107.14,5.72,10
1528,489,26,2,199.76,15.63,10
1529,489,198,3,227.24,33.37,8
1530,489,151,1,160.79,21.79,10
1531,489,47,2,168.81,22.72,10
1532,490,4,2,38.33,0.8,6
1533,491,90,1,220.32,11.1,6
1534,491,9,1,189.63,2.16,3
1535,491,153,3,269.25,11.68,8
1536,491,154,3,45.32,8.68,2
1537,492,155,1,119.03,18.18,8
1538,493,48,1,211.74,10.73,8
1539,493,120,3,281.49,35.96,5
1540,493,71,2,210.74,28.14,5
1541,493,198,2,84.63,13.21,10
1542,493,71,1,121.01,8.05,1
1543,494,67,2,61.6,0.85,6
1544,495,157,2,61.75,6.08,9
1545,495,37,3,232.93,10.17,2
1546,496,114,3,85.11,0.59,5
1547,497,147,3,82.67,7.37,8
1548,498,39,3,195.7,36.51,8
1549,498,171,2,87.27,12.22,1
1550,498,101,3,11.07,1.57,1
1551,498,198,2,148.66,12.01,6
1552,499,139,1,10.96,2.09,5
1553,500,32,3,165.24,32.77,2
1554,500,86,3,97.82,1.08,2
1555,500,166,1,115.95,19.79,10
1556,500,88,1,253.94,38.62,10
1557,501,166,1,61.22,0.48,9
1558,501,99,3,65.39,9.1,7
1559,501,28,3,209.76,20.41,8
1560,502,189,1,50.58,1.95,10
1561,502,185,3,79.16,6.15,9
1562,502,139,3,99.24,10.6,1
1563,502,116,1,20.74,0.23,8
1564,503,104,1,71.39,9.34,10
1565,504,118,3,262.36,28.15,4
1566,504,190,3,77.57,1.12,6
1567,504,189,1,151.78,0.58,10
1568,504,159,1,80.38,10.43,8
1569,504,4,1,193.47,35.01,9
1570,505,117,3,59.5,7.03,3
1571,506,30,2,182.54,22.48,1
1572,507,52,2,107.83,18.03,8
1573,508,84,1,293.0,33.75,2
1574,508,36,2,252.56,40.06,6
1575,508,196,1,181.99,12.21,2
1576,508,31,2,50.96,4.23,9
1577,509,142,1,137.21,25.4,3
1578,509,11,1,38.99,6.61,1
1579,509,157,2,235.52,0.74,4
1580,510,21,1,12.09,2.24,8
1581,510,181,3,182.18,10.34,8
1582,510,178,2,210.78,8.69,9
1583,510,164,2,161.7,13.33,9
1584,511,157,3,20.91,0.75,10
1585,511,128,3,285.59,35.82,3
1586,512,90,2,11.33,0.53,6
1587,512,31,3,293.27,36.3,6
1588,512,195,3,157.19,14.59,5
1589,513,71,1,66.18,10.54,7
1590,513,176,2,154.28,4.93,7
1591,514,14,3,115.62,4.85,6
1592,515,86,3,243.49,36.93,10
1593,515,12,1,224.72,41.57,1
1594,515,46,1,237.79,23.07,6
1595,516,19,1,219.21,25.99,2
1596,517,108,1,226.66,40.73,6
1597,517,59,1,104.58,2.05,2
1598,517,189,2,262.27,19.7,9
1599,518,19,2,179.68,1.95,7
1600,518,112,1,72.69,8.86,5
1601,519,100,2,49.56,7.13,5
1602,519,162,2,292.91,11.85,10
1603,520,9,3,174.91,9.82,3
1604,520,29,2,142.99,4.9,6
1605,521,57,2,185.05,29.22,2
1606,521,164,3,272.62,31.52,10
1607,521,142,1,35.08,6.01,3
1608,522,56,3,147.31,13.63,6
1609,522,4,3,134.15,23.41,5
1610,522,64,2,135.93,6.05,7
1611,522,152,1,274.99,49.4,3
1612,523,12,1,297.47,43.64,10
1613,523,130,1,133.45,10.52,2
1614,523,179,1,141.21,6.79,5
1615,523,143,1,211.02,17.16,9
1616,524,34,2,95.78,12.41,7
1617,524,24,1,149.14,9.09,6
1618,525,147,3,179.26,35.01,3
1619,525,119,1,263.52,21.36,9
1620,525,95,3,144.65,18.32,2
1621,525,161,1,121.61,16.8,7
1622,526,9,2,133.51,7.2,9
1623,526,157,3,176.82,7.33,6
1624,526,176,1,189.93,12.75,1
1625,526,15,3,284.14,38.34,6
1626,526,14,1,121.06,11.27,5
1627,527,94,2,60.83,6.8,3
1628,528,144,3,234.34,6.49,4
1629,529,62,3,42.93,4.11,6
1630,529,193,3,262.63,36.92,8
1631,529,193,3,230.66,14.78,4
1632,530,129,3,132.65,1.44,4
1633,530,96,2,141.2,14.16,3
1634,530,32,2,215.85,29.28,3
1635,531,75,2,190.08,30.41,2
1636,531,178,1,64.62,11.42,5
1637,531,23,1,123.3,4.41,2
1638,531,20,1,57.78,1.29,9
1639,531,38,2,53.64,2.19,9
1640,532,76,2,291.18,31.53,9
1641,533,122,2,131.84,19.45,1
1642,533,6,2,64.83,0.29,6
1643,534,134,3,107.4,12.43,10
1644,534,168,3,238.18,23.16,3
1645,535,141,2,142.82,16.2,10
1646,535,79,1,238.89,10.84,7
1647,535,96,2,233.23,2.21,3
1648,535,91,2,142.22,4.73,3
1649,535,42,3,165.24,6.02,3
1650,536,182,3,272.37,43.28,10
1651,536,42,1,43.91,8.73,3
1652,537,33,2,85.52,3.16,8
1653,537,144,3,20.06,1.27,1
1654,537,89,1,118.15,12.76,7
1655,537,42,3,97.45,17.94,6
1656,537,104,2,232.87,44.14,4
1657,538,40,1,291.34,31.82,8
1658,538,130,2,197.7,11.69,10
1659,538,75,3,203.4,32.53,5
1660,539,87,3,42.57,4.08,8
1661,539,11,1,206.62,4.83,4
1662,539,7,2,189.08,8.33,9
1663,539,92,1,104.65,12.73,4
1664,540,150,3,74.42,13.93,5
1665,540,72,1,16.54,1.78,8
1666,541,174,3,287.71,56.15,4
1667,541,101,1,152.23,18.36,6
1668,541,131,1,273.45,19.75,10
1669,541,38,3,257.6,19.04,8
1670,542,4,2,110.03,6.78,8
1671,542,115,3,35.4,5.15,5
1672,542,114,3,297.85,47.88,7
1673,543,42,3,291.4,24.7,9
1674,543,107,1,252.3,30.17,9
1675,543,37,1,97.94,19.36,7
1676,544,86,1,280.61,33.15,3
1677,544,97,1,11.92,1.52,4
1678,544,70,2,60.72,5.61,10
1679,544,146,1,67.78,11.28,3
1680,544,75,3,152.27,25.06,5
1681,545,150,2,153.29,22.68,1
1682,545,58,1,239.45,7.38,8
1683,545,77,3,251.93,23.81,6
1684,546,107,1,152.65,21.0,9
1685,546,63,1,44.61,2.47,2
1686,546,18,3,226.21,26.29,9
1687,547,112,2,192.12,18.29,2
1688,547,178,1,118.23,17.33,5
1689,547,5,2,57.23,0.67,2
1690,547,82,2,264.71,7.17,3
1691,547,42,1,89.07,7.47,5
1692,548,13,2,94.58,12.09,8
1693,548,20,3,66.21,8.32,9
1694,548,196,1,183.64,6.14,3
1695,549,81,3,241.96,13.14,7
1696,549,179,3,115.13,12.31,2
1697,549,91,1,13.74,1.42,4
1698,550,200,2,129.48,23.85,8
1699,550,42,1,73.18,7.37,6
1700,550,49,3,187.89,31.24,1
1701,551,137,3,169.82,25.69,7
1702,551,30,2,143.54,2.19,1
1703,551,34,1,149.06,9.29,7
1704,551,93,1,246.94,43.94,9
1705,551,153,3,231.44,15.83,6
1706,552,8,3,246.23,10.95,4
1707,552,178,1,209.53,12.88,7
1708,552,54,1,294.52,25.02,2
1709,553,20,1,234.66,35.54,6
1710,554,51,1,19.51,2.57,4
1711,555,16,2,44.49,2.25,1
1712,555,17,2,203.6,30.73,6
1713,555,32,3,69.57,12.54,2
1714,555,48,3,111.94,2.03,6
1715,555,192,2,285.15,19.84,3
1716,556,129,3,187.76,18.96,3
1717,556,18,1,247.68,37.81,1
1718,557,56,3,65.55,3.7,5
1719,557,194,3,11.26,1.63,8
1720,557,55,3,256.88,24.39,3
1721,557,179,3,63.69,8.58,8
1722,557,28,1,252.08,49.47,8
1723,558,55,3,75.99,1.72,10
1724,558,81,1,145.11,15.08,1
1725,558,127,2,214.37,23.89,2
1726,558,11,1,105.15,2.43,1
1727,559,117,3,223.49,30.71,5
1728,559,114,1,170.64,9.92,4
1729,559,110,1,258.46,46.25,3
1730,560,174,2,62.0,12.38,9
1731,560,126,3,40.5,3.55,10
1732,560,169,3,34.65,0.99,9
1733,560,103,3,181.26,3.69,7
1734,561,17,2,292.81,19.83,2
1735,561,153,2,45.6,7.64,5
1736,562,72,3,232.13,27.56,4
1737,562,194,3,283.54,20.19,5
1738,562,171,3,285.54,56.4,2
1739,562,131,2,52.74,4.8,1
1740,563,65,2,154.21,19.38,4
1741,564,8,1,223.96,37.19,7
1742,564,128,3,17.76,0.64,10
1743,565,174,2,54.29,6.75,8
1744,565,25,1,201.71,20.98,2
1745,565,127,2,68.56,9.08,2
1746,565,126,3,85.88,5.9,8
1747,565,139,3,15.12,2.31,10
1748,566,31,2,140.53,23.97,9
1749,566,114,2,20.43,0.72,1
1750,566,169,2,266.56,8.75,9
1751,566,111,1,100.61,7.83,10
1752,567,146,3,152.26,16.86,4
1753,568,147,2,148.01,25.29,3
1754,568,130,1,123.5,12.22,5
1755,568,97,3,206.18,31.61,7
1756,568,73,2,27.81,3.28,1
1757,568,33,2,111.17,16.5,10
1758,569,196,3,108.96,2.12,6
1759,570,92,2,111.87,14.79,4
1760,570,64,1,197.94,23.46,10
1761,570,177,1,261.99,6.0,7
1762,571,6,3,104.57,9.64,3
1763,571,109,3,159.28,13.42,2
1764,572,179,2,180.52,35.59,9
1765,573,147,2,103.5,2.02,6
1766,573,126,1,210.35,8.66,2
1767,573,128,3,245.32,32.74,9
1768,573,43,3,96.86,18.78,9
1769,574,128,3,255.73,40.26,9
1770,574,138,1,93.33,0.89,9
1771,575,103,1,191.13,36.62,9
1772,575,184,3,37.47,2.52,1
1773,575,18,3,242.34,23.04,7
1774,575,54,2,240.74,31.37,8
1775,575,78,3,243.2,21.06,1
1776,576,81,1,130.15,6.54,7
1777,576,132,2,204.75,22.42,6
1778,576,5,3,213.97,36.92,5
1779,576,148,2,71.76,13.81,1
1780,576,191,2,87.7,11.19,6
1781,577,197,2,281.04,40.84,2
1782,577,16,3,68.19,6.31,6
1783,577,62,1,226.47,34.67,4
1784,577,112,2,102.41,17.0,2
1785,577,17,3,69.03,5.69,10
1786,578,166,1,84.37,10.15,6
1787,578,104,1,42.93,1.65,3
1788,578,63,2,144.61,16.19,1
1789,579,109,3,272.64,11.01,6
1790,579,70,1,18.45,2.91,9
1791,579,72,3,169.7,21.87,6
1792,579,11,3,150.89,0.6,3
1793,580,81,3,96.41,1.23,8
1794,581,94,3,200.65,3.62,8
1795,581,186,1,78.45,8.96,3
1796,581,129,1,161.37,26.75,3
1797,581,199,3,83.02,14.69,2
1798,582,154,1,234.23,14.68,8
1799,582,150,3,123.09,18.42,1
1800,583,109,1,51.84,1.82,5
1801,583,71,2,128.43,22.16,4
1802,584,126,3,118.66,22.51,1
1803,585,140,2,147.71,7.28,4
1804,585,72,1,115.27,16.5,1
1805,585,79,1,197.17,35.7,6
1806,586,190,3,241.69,2.64,5
1807,587,65,3,121.56,15.53,9
1808,587,180,2,271.92,37.27,7
1809,588,61,2,122.66,22.32,9
1810,588,101,2,97.26,18.21,8
1811,588,194,1,96.25,16.54,5
1812,588,42,2,193.09,33.96,1
1813,588,197,3,127.82,0.87,4
1814,589,200,2,146.62,12.11,5
1815,590,184,2,264.26,43.35,6
1816,590,42,3,85.68,1.14,1
1817,590,108,3,221.48,24.26,6
1818,591,117,3,17.93,0.19,5
1819,591,165,1,192.75,30.49,2
1820,591,35,1,126.19,15.86,6
1821,592,148,1,42.14,2.1,7
1822,592,183,3,231.32,39.18,7
1823,592,176,2,239.87,15.32,8
1824,593,189,1,85.6,11.77,7
1825,593,84,2,67.61,5.6,6
1826,593,47,2,264.15,49.91,3
1827,593,147,1,16.01,0.07,8
1828,594,166,3,191.72,34.77,8
1829,594,119,1,85.92,14.64,6
1830,594,13,2,189.22,22.72,9
1831,594,39,1,287.83,9.79,5
1832,594,146,1,14.09,1.48,2
1833,595,173,2,44.37,6.33,7
1834,595,49,2,93.51,9.24,2
1835,595,34,2,258.34,31.01,7
1836,595,73,3,206.38,17.27,10
1837,596,38,1,94.16,4.93,3
1838,596,159,2,273.13,20.19,9
1839,596,176,3,142.87,0.29,5
1840,596,35,2,292.58,23.26,6
1841,597,183,2,215.45,31.72,2
1842,597,66,1,37.63,0.44,2
1843,598,61,2,273.39,54.5,6
1844,598,172,3,215.77,34.95,5
1845,598,2,2,156.32,11.91,5
1846,599,172,2,48.35,8.63,8
1847,599,11,3,62.02,2.11,10
1848,599,127,2,264.59,6.98,7
1849,599,82,3,163.82,4.65,3
1850,600,81,1,293.77,29.33,8
1851,601,192,2,278.61,15.77,6
1852,601,68,3,250.58,46.44,8
1853,601,133,2,136.37,4.5,1
1854,602,196,1,171.15,31.59,6
1855,602,163,2,25.43,0.76,10
1856,602,59,1,20.4,1.06,7
1857,602,181,2,136.56,27.18,5
1858,603,11,2,113.39,16.08,1
1859,603,125,2,152.97,25.88,2
1860,603,38,1,111.39,4.54,7
1861,603,73,1,252.14,37.82,6
1862,604,145,3,179.85,20.99,9
1863,604,2,3,232.39,8.39,3
1864,604,20,1,232.79,31.52,1
1865,605,7,2,207.58,28.26,3
1866,605,101,2,181.2,34.47,10
1867,605,83,1,18.37,1.69,8
1868,606,117,3,287.01,34.11,1
1869,606,2,2,291.23,38.22,3
1870,606,116,2,284.75,56.94,2
1871,606,146,1,71.3,0.69,4
1872,607,83,1,225.7,24.7,6
1873,607,155,2,36.84,1.88,6
1874,607,62,2,35.86,6.11,7
1875,608,100,2,92.63,13.94,10
1876,608,168,1,44.97,4.41,1
1877,609,189,2,272.08,32.84,10
1878,609,92,3,37.87,2.78,3
1879,609,52,2,139.18,10.8,8
1880,609,69,3,184.1,3.32,6
1881,610,95,3,64.04,8.08,6
1882,610,24,1,158.87,30.92,8
1883,610,174,1,197.81,28.23,2
1884,610,127,3,192.57,20.21,10
1885,611,120,2,32.96,5.28,3
1886,611,77,1,295.41,40.43,9
1887,611,77,1,161.7,9.56,6
1888,612,142,1,276.02,28.34,7
1889,613,109,2,37.4,4.94,6
1890,613,146,2,113.08,13.24,5
1891,613,197,3,14.72,2.18,4
1892,613,119,1,237.99,40.12,2
1893,613,12,1,130.71,18.41,1
1894,614,151,3,141.95,19.03,3
1895,614,160,2,108.99,20.01,8
1896,614,48,1,63.68,9.51,9
1897,615,67,3,40.84,4.36,7
1898,615,2,2,43.84,1.51,9
1899,615,123,2,210.62,36.6,2
1900,615,191,3,220.51,13.35,5
1901,615,158,2,210.29,40.51,5
1902,616,78,1,46.28,0.13,8
1903,616,29,1,211.85,7.97,4
1904,616,7,1,149.52,4.34,10
1905,616,62,2,254.21,43.63,5
1906,617,49,1,97.27,9.02,8
1907,617,122,2,16.33,0.54,4
1908,617,40,3,213.75,41.21,2
1909,617,121,1,259.34,30.35,3
1910,617,52,2,175.13,29.21,2
1911,618,86,1,39.77,6.74,8
1912,619,107,2,223.75,26.66,3
1913,619,142,2,20.73,1.66,8
1914,619,132,3,220.14,41.18,2
1915,619,125,1,217.14,22.94,6
1916,620,148,2,170.44,9.13,6
1917,620,166,2,267.85,6.26,2
1918,620,160,3,110.56,15.42,9
1919,620,6,1,93.52,3.59,9
1920,621,113,1,157.21,18.48,5
1921,621,176,2,277.3,47.33,5
1922,621,184,3,145.86,25.76,3
1923,622,107,3,199.23,14.35,3
1924,622,121,1,190.33,10.75,6
1925,622,192,1,203.45,5.25,9
1926,622,52,1,185.67,3.75,4
1927,623,127,2,78.07,8.69,2
1928,623,5,2,265.46,18.96,4
1929,623,41,1,250.11,44.74,3
1930,623,9,1,107.94,2.46,4
1931,624,31,3,74.99,3.87,8
1932,624,88,2,233.12,35.9,1
1933,625,69,1,257.49,44.99,6
1934,625,155,3,40.2,0.41,9
1935,625,113,2,289.17,43.71,10
1936,625,28,3,186.8,32.07,6
1937,625,27,3,22.17,0.47,8
1938,626,53,2,55.54,3.24,9
1939,627,196,3,154.53,26.9,3
1940,627,40,3,115.48,18.92,10
1941,627,32,1,137.34,11.42,2
1942,627,197,1,81.14,13.13,2
1943,628,74,3,59.67,3.17,5
1944,628,184,2,114.59,15.24,7
1945,628,39,3,132.3,6.04,8
1946,629,106,2,270.44,51.48,9
1947,629,133,3,114.91,0.68,7
1948,629,38,1,218.11,22.57,7
1949,629,18,1,108.11,8.68,10
1950,630,112,1,124.05,0.92,2
1951,630,165,1,271.73,3.14,3
1952,631,76,2,126.58,17.24,6
1953,631,142,2,219.25,13.76,2
1954,631,89,1,249.83,44.98,8
1955,631,157,1,213.09,19.02,8
1956,631,53,3,191.06,23.62,9
1957,632,179,2,267.43,41.8,6
1958,632,104,1,265.48,4.47,3
1959,632,138,2,123.1,17.7,9
1960,632,33,3,297.66,16.9,10
1961,633,131,3,100.55,6.85,3
1962,634,6,1,268.19,28.96,3
1963,634,67,1,251.35,15.28,7
1964,635,130,1,222.28,37.41,9
1965,635,67,3,157.17,3.89,1
1966,635,194,3,282.99,25.4,2
1967,635,147,3,11.51,0.78,9
1968,636,191,3,174.02,31.13,3
1969,636,161,3,164.65,19.61,5
1970,637,77,2,203.41,33.16,3
1971,637,147,3,50.59,3.82,3
1972,637,189,1,40.52,4.19,6
1973,638,200,2,141.75,4.15,4
1974,638,109,2,33.76,0.42,6
1975,639,122,1,139.39,10.3,9
1976,639,135,2,180.59,18.74,5
1977,640,68,3,154.66,13.1,2
1978,640,113,3,280.0,27.41,5
1979,640,107,1,51.86,1.32,4
1980,640,183,2,47.52,6.7,9
1981,641,31,3,71.67,6.79,5
1982,641,192,1,283.78,20.96,3
1983,641,31,3,257.17,5.68,5
1984,641,95,3,93.98,9.83,10
1985,641,31,2,98.43,7.37,9
1986,642,125,1,239.45,6.81,2
1987,642,151,2,24.11,4.31,9
1988,642,73,1,63.09,9.33,3
1989,643,32,3,111.11,19.34,10
1990,644,124,3,99.81,9.03,10
1991,644,87,2,147.82,21.29,3
1992,644,156,1,230.97,23.32,3
1993,644,118,2,203.49,6.06,10
1994,645,23,3,202.71,16.61,10
1995,645,60,2,108.31,0.99,6
1996,645,172,2,223.41,28.86,10
1997,646,182,1,175.88,28.01,1
1998,646,182,2,172.7,4.28,1
1999,647,22,1,287.0,31.1,2
2000,647,194,1,287.61,30.01,1
2001,647,193,2,155.77,0.58,10
2002,647,169,3,62.13,0.24,5
2003,647,53,1,250.61,42.05,4
2004,648,114,1,244.01,29.62,10
2005,648,103,3,23.05,3.97,7
2006,648,6,2,136.74,11.35,10
2007,648,136,2,120.78,2.2,1
2008,648,26,3,58.77,1.69,8
2009,649,197,1,54.73,10.42,9
2010,649,174,1,27.08,5.21,5
2011,649,47,1,216.86,12.93,5
2012,650,82,1,129.72,8.41,8
2013,651,31,1,68.74,10.34,4
2014,651,151,1,152.96,23.02,7
2015,651,99,1,88.09,5.61,5
2016,651,142,2,28.98,0.17,8
2017,652,5,2,170.68,20.01,2
2018,652,26,1,231.26,30.14,1
2019,653,78,3,127.96,2.15,3
2020,653,163,3,69.0,13.36,8
2021,654,139,1,236.79,25.46,7
2022,654,109,3,141.01,0.03,8
2023,654,119,3,93.88,18.25,8
2024,655,16,2,89.26,4.48,4
2025,656,90,3,71.7,12.06,6
2026,656,73,1,56.81,6.07,10
2027,656,18,2,36.02,5.03,3
2028,656,36,3,171.38,9.58,6
2029,657,54,3,156.4,25.09,6
2030,657,175,2,194.2,38.05,6
2031,657,182,2,89.17,11.81,7
2032,657,83,2,71.08,13.63,3
2033,658,5,3,48.78,9.0,6
2034,658,156,2,11.24,0.02,9
2035,658,45,2,171.18,23.85,9
2036,659,196,2,166.06,26.15,2
2037,659,167,3,32.48,0.2,6
2038,659,172,2,204.95,14.47,4
2039,659,97,3,113.81,4.03,8
2040,660,32,2,117.44,4.53,2
2041,661,57,3,15.74,0.89,5
2042,662,50,1,246.72,30.85,8
2043,662,184,1,77.93,7.7,4
2044,662,93,1,91.42,16.54,3
2045,663,54,1,66.87,10.98,2
2046,663,102,1,262.28,29.85,1
2047,663,127,1,170.02,22.44,5
2048,663,145,3,207.89,23.5,7
2049,663,17,3,47.19,0.61,10
2050,664,146,1,265.49,38.7,7
2051,664,71,1,255.82,1.18,4
2052,664,178,3,164.55,8.32,3
2053,665,117,1,281.99,36.15,6
2054,665,167,1,257.62,16.64,10
2055,665,105,2,45.3,4.7,6
2056,665,127,2,160.0,1.39,4
2057,665,185,1,23.62,4.34,3
2058,666,115,2,11.5,0.45,8
2059,666,21,3,244.23,48.37,9
2060,666,58,3,132.91,1.98,8
2061,666,64,1,57.7,3.59,8
2062,666,161,3,38.05,3.65,5
2063,667,152,3,281.17,47.27,8
2064,668,28,2,79.12,5.39,1
2065,668,14,2,160.71,7.61,2
2066,669,199,3,189.67,28.99,7
2067,670,149,1,34.81,0.42,9
2068,670,9,2,100.85,17.1,8
2069,670,17,1,27.98,4.49,4
2070,670,15,2,187.11,16.16,4
2071,671,174,1,172.18,10.16,10
2072,672,103,1,189.02,15.54,6
2073,672,154,3,190.96,17.32,1
2074,672,119,2,265.18,32.84,1
2075,672,87,3,281.9,44.14,5
2076,673,133,2,180.47,3.9,8
2077,673,4,3,216.86,25.71,10
2078,673,50,3,46.53,4.74,8
2079,673,91,2,149.61,18.58,5
2080,674,63,1,241.14,2.92,9
2081,674,80,3,136.4,26.18,1
2082,675,80,3,266.71,41.37,2
2083,675,38,2,99.52,6.83,7
2084,675,95,1,160.13,21.06,3
2085,676,15,1,157.06,26.23,5
2086,676,14,2,109.71,21.43,6
2087,677,18,2,64.91,6.18,7
2088,677,178,2,183.93,12.18,6
2089,678,145,2,188.67,15.8,1
2090,678,42,1,141.75,22.37,7
2091,678,11,2,73.63,0.05,1
2092,678,58,3,76.78,9.58,10
2093,678,62,2,223.03,42.49,9
2094,679,190,2,69.54,2.56,4
2095,679,2,2,12.87,0.92,6
2096,679,143,1,51.3,4.52,9
2097,680,196,2,22.73,0.13,5
2098,680,51,2,60.5,10.71,2
2099,680,185,1,108.55,12.04,7
2100,680,46,1,16.23,2.74,9
2101,680,26,1,251.12,6.89,8
2102,681,87,1,98.47,4.73,9
2103,682,170,1,282.94,55.29,5
2104,682,160,2,264.73,3.46,10
2105,682,37,1,240.52,9.22,10
2106,683,178,2,102.21,8.78,2
2107,683,163,1,277.09,42.29,3
2108,683,151,1,257.79,15.17,2
2109,683,39,2,81.68,10.28,7
2110,684,33,3,290.83,51.53,6
2111,684,54,3,33.61,3.16,6
2112,684,170,3,28.81,2.93,9
2113,685,96,2,160.48,5.75,6
2114,685,183,2,162.39,15.7,3
2115,685,127,2,87.82,7.04,4
2116,685,150,3,20.62,0.91,10
2117,685,52,2,260.32,20.61,9
2118,686,109,2,175.7,32.87,7
2119,686,96,2,169.66,4.56,9
2120,686,22,2,138.91,9.77,1
2121,687,11,2,158.56,10.67,1
2122,687,116,2,135.43,9.95,1
2123,687,128,2,89.18,0.44,3
2124,687,114,1,87.03,1.32,6
2125,687,22,2,254.35,26.09,8
2126,688,71,1,38.54,0.55,9
2127,689,140,1,106.79,14.42,8
2128,690,78,3,246.51,33.7,3
2129,690,71,1,214.64,42.84,10
2130,690,193,3,224.55,40.98,9
2131,691,198,2,91.74,6.36,3
2132,692,104,3,229.76,0.55,6
2133,692,168,3,296.89,56.5,10
2134,692,102,1,75.81,11.36,6
2135,692,122,1,159.59,25.09,3
2136,693,185,2,108.79,1.87,7
2137,693,49,2,233.34,32.57,10
2138,693,54,2,140.49,15.69,5
2139,693,96,1,177.48,4.56,10
2140,694,128,3,251.95,17.12,6
2141,695,109,3,228.26,34.83,9
2142,695,177,3,96.89,11.37,9
2143,695,146,1,277.42,8.53,9
2144,695,85,3,192.65,23.23,8
2145,696,147,2,294.25,12.02,10
2146,696,101,1,165.0,6.22,5
2147,696,28,2,175.16,15.82,8
2148,696,78,1,59.71,8.06,1
2149,696,46,1,249.68,30.13,6
2150,697,48,1,30.15,5.81,6
2151,698,53,1,94.42,9.9,2
2152,698,117,1,116.91,0.26,7
2153,698,84,2,123.42,24.43,10
2154,699,138,2,148.69,2.04,5
2155,699,53,1,262.43,16.26,1
2156,700,41,3,176.78,10.97,10
2157,700,52,3,217.86,20.0,8
2158,700,52,1,297.41,26.51,5
2159,700,103,3,244.19,25.68,10
2160,701,126,2,144.18,1.13,10
2161,701,24,2,197.43,36.28,4
2162,701,89,3,254.37,40.31,1
2163,701,101,3,248.79,42.29,10
2164,701,107,1,62.08,7.67,8
2165,702,118,2,274.14,10.06,3
2166,702,146,1,124.13,23.48,9
2167,702,62,1,89.4,11.23,10
2168,702,75,3,275.73,38.49,7
2169,703,127,2,297.79,32.93,3
2170,703,95,1,229.07,23.11,4
2171,704,105,2,57.8,2.4,1
2172,704,12,2,17.75,2.27,10
2173,704,173,3,143.95,9.89,2
2174,705,50,2,20.95,1.05,4
2175,705,182,1,104.86,15.7,1
2176,705,125,2,29.79,3.27,8
2177,705,63,3,285.51,8.01,6
2178,706,42,1,253.16,30.73,7
2179,706,46,2,46.0,6.82,3
2180,706,44,1,204.7,0.46,7
2181,707,40,2,113.85,4.93,4
2182,707,9,3,164.37,14.53,7
2183,707,13,3,245.34,31.45,9
2184,708,100,3,99.41,1.04,10
2185,709,13,2,232.46,43.18,8
2186,710,62,1,36.5,3.08,1
2187,710,4,2,247.95,33.72,3
2188,710,17,1,288.04,5.57,9
2189,711,186,1,22.76,2.33,4
2190,711,84,2,173.0,6.56,9
2191,712,139,2,282.29,6.82,6
2192,712,55,1,113.41,3.94,8
2193,713,168,2,13.47,0.57,9
2194,713,57,1,200.81,11.18,7
2195,713,160,2,22.74,4.03,6
2196,713,106,2,232.59,23.24,3
2197,714,183,3,239.47,44.17,8
2198,715,44,2,288.12,34.57,9
2199,715,162,3,122.68,22.68,6
2200,715,198,3,48.55,1.7,9
2201,715,195,3,102.21,17.41,6
2202,715,124,1,107.18,13.04,5
2203,716,115,2,158.2,23.47,10
2204,716,129,3,214.34,0.57,8
2205,716,6,3,230.09,5.71,4
2206,716,61,3,134.26,6.54,4
2207,716,21,1,49.89,4.98,5
2208,717,39,2,69.27,0.53,9
2209,717,186,3,296.68,26.33,5
2210,718,35,2,102.09,16.07,4
2211,718,11,3,239.62,19.88,5
2212,718,74,1,76.41,11.2,5
2213,719,63,1,166.4,30.17,4
2214,719,171,1,242.42,33.76,8
2215,719,57,3,263.08,27.44,6
2216,720,114,3,11.75,2.04,8
2217,720,18,1,25.11,4.98,6
2218,721,33,1,60.37,6.63,9
2219,721,53,1,157.15,13.4,5
2220,722,80,1,219.29,10.74,5
2221,722,46,3,82.2,4.69,2
2222,722,115,3,68.41,11.8,10
2223,722,124,1,285.79,20.55,9
2224,723,43,2,138.0,13.95,7
2225,723,189,2,230.49,37.78,7
2226,723,124,1,230.96,19.74,6
2227,723,22,2,182.6,5.58,3
2228,724,66,2,144.46,13.11,5
2229,724,97,3,185.75,2.67,1
2230,725,184,2,66.76,12.23,5
2231,725,2,1,259.88,37.96,2
2232,726,126,2,278.45,52.36,6
2233,726,191,2,121.37,7.47,8
2234,726,151,1,128.55,1.0,5
2235,727,99,3,57.09,8.71,8
2236,728,198,3,111.09,15.76,4
2237,728,163,3,116.77,1.35,4
2238,728,99,2,223.34,10.83,9
2239,729,93,3,214.9,1.21,5
2240,730,67,3,142.09,19.35,9
2241,730,66,1,184.62,35.14,5
2242,731,4,1,233.58,30.1,3
2243,731,99,2,214.76,41.84,2
2244,732,133,1,264.04,8.76,10
2245,733,65,3,97.64,18.9,10
2246,733,169,2,179.96,26.42,4
2247,733,193,3,262.13,5.73,4
2248,733,147,2,246.13,13.24,1
2249,734,192,2,212.71,0.27,9
2250,734,44,2,10.46,0.15,4
2251,735,135,2,199.81,29.29,4
2252,735,44,1,118.65,16.71,1
2253,735,51,2,62.78,11.91,2
2254,735,116,3,246.17,9.14,7
2255,736,192,1,244.66,9.39,6
2256,737,113,3,274.76,6.0,8
2257,737,163,1,33.14,0.57,2
2258,737,32,2,28.64,0.17,3
2259,737,61,2,150.71,22.92,1
2260,738,16,2,228.02,0.33,9
2261,739,11,1,71.21,11.28,3
2262,739,97,3,160.82,30.94,7
2263,739,69,2,147.24,9.92,8
2264,739,110,2,117.53,20.92,8
2265,739,81,1,282.89,37.63,4
2266,740,157,1,292.84,51.13,5
2267,740,26,1,142.51,19.9,6
2268,740,186,1,17.45,0.43,5
2269,740,136,2,285.81,42.95,1
2270,741,95,2,189.32,24.95,2
2271,741,122,3,129.81,4.88,10
2272,742,5,3,114.46,1.05,4
2273,742,189,2,206.6,9.65,9
2274,742,125,2,224.37,35.63,1
2275,743,110,2,296.19,50.77,3
2276,743,26,3,121.61,14.77,7
2277,743,183,1,262.26,45.96,3
2278,744,9,1,154.4,2.69,1
2279,744,173,3,296.29,27.66,7
2280,744,115,1,149.83,16.2,8
2281,744,63,1,59.43,11.22,3
2282,744,180,1,40.59,8.06,5
2283,745,42,2,271.77,41.65,1
2284,746,185,2,203.12,38.65,1
2285,746,172,1,202.99,37.46,5
2286,747,24,3,106.51,4.77,10
2287,747,148,3,28.75,1.97,10
2288,747,184,3,223.44,17.06,2
2289,747,165,3,290.21,25.36,6
2290,748,58,2,43.55,0.76,5
2291,748,23,2,224.77,42.13,8
2292,749,147,2,46.95,2.94,9
2293,750,148,3,10.49,0.13,9
2294,750,138,1,255.66,50.1,8
2295,750,82,2,241.28,45.07,3
2296,750,33,3,202.49,23.93,9
2297,751,102,1,166.1,15.3,8
2298,752,76,1,154.95,14.12,5
2299,752,154,2,52.3,6.96,4
2300,753,154,2,99.58,19.72,2
2301,754,71,3,176.45,22.27,6
2302,755,127,2,214.2,16.14,3
2303,755,86,1,250.09,10.53,8
2304,756,180,3,25.24,4.37,5
2305,756,46,2,220.94,13.22,3
2306,757,6,3,123.76,10.46,1
2307,757,122,2,229.74,17.97,6
2308,758,187,2,91.89,16.96,5
2309,758,180,3,124.19,3.25,10
2310,758,193,3,261.1,2.83,4
2311,758,182,2,142.68,4.67,3
2312,758,36,2,211.83,12.33,10
2313,759,54,1,243.26,9.52,7
2314,759,167,1,115.05,19.7,7
2315,760,174,1,119.2,23.43,9
2316,761,15,1,113.12,10.72,6
2317,761,14,1,294.28,38.26,2
2318,762,112,1,191.82,15.5,7
2319,762,9,1,79.85,7.8,2
2320,762,177,3,286.82,37.45,3
2321,762,97,3,297.44,39.9,3
2322,762,23,2,260.82,33.92,8
2323,763,162,3,139.08,0.32,6
2324,763,30,1,45.39,5.82,4
2325,763,131,1,16.68,1.91,1
2326,764,123,2,211.18,3.99,5
2327,764,152,1,121.35,24.27,7
2328,764,180,2,96.53,2.42,4
2329,764,84,1,216.99,37.42,8
2330,764,138,1,127.55,17.88,5
2331,765,143,3,237.21,25.15,6
2332,765,17,3,252.77,27.25,5
2333,765,167,1,228.52,9.48,10
2334,765,169,1,62.39,7.48,10
2335,766,2,3,139.7,8.78,1
2336,766,11,1,176.77,23.07,5
2337,767,144,2,256.92,1.8,6
2338,768,130,2,115.43,12.57,4
2339,769,169,1,82.02,0.76,1
2340,769,133,2,201.16,17.9,2
2341,769,148,2,211.58,22.12,8
2342,769,91,3,166.08,6.97,5
2343,770,170,1,78.76,2.96,3
2344,771,56,1,184.62,7.98,7
2345,771,92,2,47.26,5.88,9
2346,771,20,3,83.94,6.41,5
2347,772,103,2,34.14,1.74,2
2348,772,109,3,51.54,2.1,5
2349,773,163,3,197.22,28.18,6
2350,773,145,3,197.85,20.24,10
2351,773,42,2,248.25,15.71,4
2352,774,98,1,289.57,14.33,4
2353,774,70,1,164.13,22.45,3
2354,774,105,1,105.51,1.88,8
2355,774,86,2,52.44,8.37,3
2356,775,3,1,119.38,23.13,8
2357,775,97,1,236.99,5.85,10
2358,775,135,3,263.9,31.08,6
2359,776,25,3,111.18,12.72,7
2360,776,73,3,88.61,1.76,9
2361,776,13,1,102.22,15.37,8
2362,776,47,2,243.76,33.04,9
2363,777,142,3,265.79,21.4,4
2364,777,152,1,85.13,11.69,4
2365,777,183,1,200.69,5.73,10
2366,777,146,3,87.54,16.08,2
2367,777,164,2,215.18,10.72,9
2368,778,108,3,142.76,12.53,8
2369,778,91,2,155.65,8.59,9
2370,778,110,3,283.09,49.9,6
2371,778,59,2,194.33,3.38,2
2372,778,79,2,233.47,39.47,10
2373,779,20,3,79.61,1.49,2
2374,780,15,1,225.59,25.0,1
2375,780,127,1,289.03,24.51,9
2376,780,131,3,49.56,4.93,9
2377,780,176,3,267.54,37.34,4
2378,780,104,1,188.72,34.38,10
2379,781,183,2,213.75,32.05,9
2380,782,190,3,285.75,47.06,3
2381,782,136,3,186.67,22.68,3
2382,783,173,3,272.1,9.51,6
2383,783,94,1,158.97,30.28,9
2384,784,127,2,59.44,11.53,8
2385,784,87,3,82.43,8.89,2
2386,784,197,1,94.12,9.09,4
2387,784,68,1,10.65,1.34,10
2388,785,56,2,279.44,53.6,8
2389,785,132,1,281.27,50.21,2
2390,785,125,1,113.17,13.93,9
2391,785,85,2,112.63,0.12,8
2392,786,103,2,12.57,1.08,1
2393,786,51,1,163.44,29.37,8
2394,787,32,2,12.0,1.85,3
2395,787,65,1,146.5,10.97,9
2396,787,94,2,268.74,28.83,7
2397,787,69,1,296.92,38.97,8
2398,788,42,1,112.58,9.77,10
2399,788,92,3,67.55,2.56,1
2400,788,11,1,124.42,18.51,9
2401,788,9,1,203.2,38.54,8
2402,789,31,2,151.83,15.05,5
2403,789,175,3,46.96,7.05,1
2404,789,200,2,155.54,28.73,7
2405,790,34,1,287.73,45.62,5
2406,790,33,1,109.79,0.3,1
2407,790,176,1,25.09,4.16,4
2408,790,110,3,223.86,19.45,10
2409,791,73,2,33.96,2.91,2
2410,791,159,1,221.48,8.28,1
2411,791,72,1,260.61,51.82,7
2412,792,171,2,67.54,9.54,6
2413,792,27,3,221.83,27.11,2
2414,793,152,3,194.0,8.9,9
2415,793,34,2,21.13,4.19,1
2416,794,110,1,188.78,3.43,2
2417,794,14,2,128.12,7.85,8
2418,795,57,2,133.56,1.64,1
2419,795,110,3,24.98,0.55,5
2420,796,72,2,216.36,10.69,7
2421,796,13,1,21.86,0.23,3
2422,796,191,2,71.47,6.75,3
2423,797,26,2,63.6,12.06,7
2424,797,94,2,98.26,1.9,6
2425,797,4,3,170.01,29.31,7
2426,797,85,2,224.97,16.26,8
2427,797,200,3,163.37,12.14,7
2428,798,54,3,121.37,21.54,7
2429,798,34,3,225.35,5.42,2
2430,798,151,3,247.05,9.53,9
2431,799,26,1,283.13,35.05,3
2432,799,78,3,147.52,22.45,6
2433,799,137,3,54.56,1.39,2
2434,799,108,3,216.36,38.58,3
2435,800,89,2,140.06,20.09,9
2436,800,112,1,150.02,15.71,7
2437,800,129,1,58.41,3.2,9
2438,800,34,2,23.18,2.62,3
2439,800,178,1,224.81,17.87,4
2440,801,132,1,58.0,8.71,1
2441,801,99,3,236.02,18.92,1
2442,801,70,1,63.38,2.03,5
2443,801,56,3,212.05,37.28,8
2444,801,132,2,156.11,22.5,9
2445,802,78,1,95.95,5.15,7
2446,802,31,1,74.94,8.0,9
2447,802,75,1,195.49,36.83,7
2448,803,35,2,263.28,2.71,4
2449,803,64,1,165.03,0.05,4
2450,803,89,3,185.5,13.69,8
2451,804,181,3,86.57,2.31,6
2452,805,76,2,295.73,37.02,3
2453,805,3,2,73.59,14.21,5
2454,805,46,2,291.77,31.36,4
2455,805,200,3,40.87,6.1,2
2456,805,98,3,84.63,10.6,1
2457,806,142,1,246.89,10.89,7
2458,806,69,1,178.68,28.87,10
2459,806,193,2,55.14,2.56,1
2460,806,186,2,116.91,21.09,4
2461,806,24,2,62.64,2.32,4
2462,807,49,3,152.25,22.21,2
2463,807,166,2,16.1,0.52,2
2464,808,101,3,186.27,2.59,10
2465,808,19,2,81.12,14.75,1
2466,809,26,3,162.77,23.66,8
2467,809,4,3,38.92,2.99,10
2468,809,29,1,231.4,29.83,1
2469,809,12,1,82.02,1.37,4
2470,810,161,3,13.91,2.69,1
2471,810,28,3,223.48,15.12,7
2472,811,52,1,149.32,16.81,8
2473,812,42,2,106.21,3.28,4
2474,812,15,3,210.69,26.44,9
2475,812,32,1,249.23,5.12,4
2476,812,76,1,158.35,26.49,1
2477,813,1,1,16.96,1.45,3
2478,813,38,2,200.06,9.04,9
2479,814,176,3,248.61,5.59,5
2480,814,44,1,75.11,14.37,4
2481,814,73,2,32.12,2.14,10
2482,814,93,1,269.72,32.61,6
2483,815,110,3,107.1,3.88,10
2484,815,109,1,269.0,36.97,10
2485,816,74,2,263.87,14.31,6
2486,816,128,3,117.04,6.21,4
2487,816,183,1,238.77,41.15,5
2488,816,39,3,52.51,1.55,3
2489,816,115,3,241.09,47.08,9
2490,817,29,3,133.96,19.47,4
2491,818,24,2,298.48,10.86,7
2492,818,99,2,102.6,8.7,5
2493,819,155,3,106.7,17.12,5
2494,819,168,1,121.12,13.31,1
2495,819,138,3,152.85,16.39,9
2496,819,59,2,34.25,4.9,10
2497,820,148,3,245.27,10.76,3
2498,820,23,1,114.9,4.67,7
2499,820,5,2,171.93,32.93,9
2500,820,29,1,274.29,19.8,8
2501,820,200,1,95.46,2.75,1
2502,821,108,1,71.11,3.19,6
2503,821,192,1,44.0,6.12,7
2504,821,37,2,222.59,30.99,9
2505,821,109,2,25.68,0.54,6
2506,821,149,1,148.28,17.61,7
2507,822,8,1,115.92,1.83,7
2508,822,20,1,175.06,28.49,3
2509,823,196,1,146.23,4.1,5
2510,823,136,3,285.14,26.81,7
2511,824,114,3,211.62,12.14,3
2512,824,40,1,265.54,1.71,9
2513,824,193,1,155.96,0.34,8
2514,825,175,2,170.71,28.32,4
2515,825,147,3,98.75,4.49,4
2516,825,41,2,292.21,30.48,5
2517,825,33,3,71.44,8.84,3
2518,826,101,1,248.53,48.51,8
2519,826,155,1,246.8,23.12,1
2520,827,168,3,127.48,9.7,9
2521,827,14,2,197.53,7.69,7
2522,827,28,1,32.56,3.93,7
2523,828,8,1,91.84,9.95,9
2524,828,17,1,183.16,27.71,9
2525,828,80,1,169.99,21.7,3
2526,829,62,2,34.66,3.95,7
2527,830,145,2,23.25,1.46,4
2528,831,3,2,227.99,43.72,5
2529,831,129,1,101.2,7.91,4
2530,831,92,1,213.77,4.16,6
2531,832,190,3,39.29,6.35,2
2532,832,39,1,180.28,13.78,8
2533,832,151,1,94.13,2.85,6
2534,832,119,1,266.71,4.98,2
2535,833,56,3,199.72,30.71,9
2536,833,42,3,159.73,23.28,4
2537,834,197,2,139.77,3.67,1
2538,834,75,2,190.81,35.88,5
2539,834,11,3,234.51,18.18,7
2540,834,54,3,185.99,35.64,10
2541,834,146,3,298.38,5.81,10
2542,835,37,2,168.67,32.69,1
2543,836,128,1,141.89,4.82,2
2544,837,42,1,91.23,6.63,4
2545,837,23,1,61.96,9.57,10
2546,837,67,2,293.76,44.84,9
2547,838,167,1,282.55,54.91,4
2548,838,125,1,115.41,6.62,8
2549,838,105,3,275.97,7.12,4
2550,838,94,3,255.0,48.55,6
2551,839,22,3,129.83,11.69,5
2552,839,175,1,189.98,24.46,1
2553,839,190,1,212.93,23.88,4
2554,840,27,2,118.99,13.57,4
2555,840,19,1,122.58,11.33,2
2556,841,90,2,145.86,15.61,8
2557,842,28,1,62.28,1.35,4
2558,842,102,2,67.85,4.46,10
2559,842,82,2,298.97,29.08,4
2560,842,180,3,148.1,8.25,7
2561,843,140,1,285.07,8.3,4
2562,844,82,3,19.08,2.29,9
2563,844,98,1,281.57,20.36,6
2564,845,122,1,25.68,4.46,5
2565,845,195,3,132.65,6.69,7
2566,845,46,1,51.1,2.8,8
2567,845,21,2,263.4,23.78,9
2568,846,135,1,204.2,10.6,6
2569,846,14,1,269.54,23.1,5
2570,846,193,2,57.71,4.03,5
2571,846,108,2,147.89,20.37,6
2572,847,179,2,112.86,15.64,9
2573,847,100,1,172.66,30.86,8
2574,848,20,3,203.71,25.12,8
2575,848,83,3,296.05,55.6,2
2576,849,4,1,269.99,50.42,8
2577,849,128,2,42.95,8.33,6
2578,849,105,2,161.0,0.12,4
2579,850,33,3,140.31,27.2,6
2580,850,25,1,73.4,14.37,6
2581,850,108,3,168.37,5.59,7
2582,850,97,1,110.94,21.13,1
2583,851,4,2,246.0,0.8,10
2584,851,79,3,247.52,6.18,4
2585,851,128,3,299.72,24.82,3
2586,851,91,2,250.17,21.31,1
2587,851,196,2,42.88,1.51,5
2588,852,96,1,170.3,5.54,9
2589,852,112,2,92.66,12.22,10
2590,852,175,2,193.89,27.23,10
2591,852,26,1,243.72,5.06,7
2592,853,158,2,40.07,6.01,5
2593,854,140,1,193.72,19.5,3
2594,854,9,3,94.07,7.91,4
2595,854,58,2,169.96,3.89,6
2596,854,121,1,111.68,17.73,4
2597,854,119,2,273.32,35.25,7
2598,855,2,2,236.84,24.04,10
2599,855,69,3,86.7,14.54,4
2600,855,107,3,80.05,14.41,8
2601,855,107,1,14.5,0.44,9
2602,856,133,3,183.98,12.33,6
2603,856,147,2,80.13,15.6,5
2604,856,50,3,196.89,32.63,8
2605,857,110,1,282.42,22.05,8
2606,857,187,1,126.9,8.07,8
2607,857,41,2,76.98,10.93,3
2608,857,33,3,44.33,5.12,6
2609,857,101,3,275.83,46.19,3
2610,858,83,1,37.04,0.19,3
2611,858,3,3,233.31,7.14,9
2612,859,182,3,276.97,4.36,8
2613,859,98,1,225.28,5.88,3
2614,859,117,3,193.14,13.83,9
2615,859,62,3,270.39,16.06,1
2616,859,138,1,220.63,35.61,9
2617,860,198,2,201.18,11.06,1
2618,860,37,3,16.71,3.29,2
2619,860,27,1,143.15,17.06,1
2620,860,28,1,91.91,16.44,1
2621,861,20,2,254.94,46.54,7
2622,862,101,1,152.4,0.67,3
2623,862,19,2,288.17,4.4,4
2624,863,97,2,193.73,17.47,2
2625,863,42,1,96.64,17.47,3
2626,863,169,3,193.05,33.0,1
2627,863,31,2,298.18,28.86,4
2628,864,154,3,11.45,1.19,9
2629,864,66,1,65.93,0.39,8
2630,864,6,3,158.41,4.83,6
2631,864,94,1,270.59,1.6,1
2632,864,36,1,34.2,4.73,10
2633,865,69,2,149.66,28.53,10
2634,865,90,3,169.93,10.0,8
2635,866,112,3,284.44,52.47,8
2636,866,65,1,67.38,11.4,1
2637,866,184,2,288.94,5.95,1
2638,866,197,3,100.36,15.94,9
2639,867,111,2,132.88,19.85,9
2640,867,82,3,41.19,3.16,7
2641,867,52,3,112.35,20.18,1
2642,867,17,2,58.5,0.39,1
2643,868,65,3,128.84,15.56,9
2644,868,166,3,112.15,0.67,5
2645,868,47,2,134.52,5.0,9
2646,868,63,1,72.4,5.38,5
2647,868,38,2,45.47,2.9,1
2648,869,184,2,71.99,8.17,9
2649,870,60,3,29.21,1.66,7
2650,870,55,3,73.06,8.2,3
2651,870,184,3,284.42,45.93,2
2652,871,147,3,132.31,20.01,2
2653,872,82,1,67.17,10.78,9
2654,872,128,1,297.18,25.04,3
2655,872,32,2,59.63,3.9,4
2656,873,61,3,16.17,0.06,4
2657,873,148,1,274.38,15.6,10
2658,873,104,1,269.79,49.54,9
2659,873,11,2,196.98,2.74,5
2660,874,107,3,97.29,6.17,6
2661,875,103,1,171.37,10.73,5
2662,875,157,1,124.06,17.28,7
2663,875,117,2,256.11,49.54,2
2664,876,96,3,39.8,1.78,6
2665,877,36,1,298.13,51.36,7
2666,878,58,1,35.52,5.14,8
2667,878,95,3,296.97,55.48,10
2668,878,14,2,266.16,2.29,4
2669,878,13,2,31.76,2.09,4
2670,879,98,2,212.61,39.33,5
2671,879,150,2,44.77,2.86,2
2672,879,38,3,267.46,51.66,1
2673,879,106,3,139.57,3.42,2
2674,879,136,1,177.59,23.49,7
2675,880,83,3,149.98,2.75,7
2676,880,197,2,216.3,15.27,7
2677,880,63,3,197.67,33.84,9
2678,881,20,2,27.48,0.07,8
2679,882,120,2,64.5,1.35,1
2680,882,54,3,230.86,23.73,1
2681,883,195,2,215.47,28.24,3
2682,883,130,1,275.1,12.04,2
2683,883,94,2,292.77,50.82,8
2684,884,52,2,64.51,3.58,7
2685,884,43,3,99.07,17.23,6
2686,884,166,1,52.71,9.24,10
2687,884,191,1,79.76,14.26,2
2688,884,48,2,18.29,2.42,9
2689,885,91,2,44.31,4.88,1
2690,885,91,2,71.5,5.68,4
2691,885,111,3,106.78,9.43,4
2692,885,95,1,24.25,1.86,10
2693,886,50,2,64.94,2.29,8
2694,886,71,3,186.16,19.31,5
2695,886,28,3,24.46,1.22,1
2696,886,29,1,43.4,7.77,2
2697,887,69,1,29.1,0.59,5
2698,887,58,3,212.86,17.22,9
2699,887,101,1,73.77,12.16,10
2700,887,178,2,153.6,5.25,1
2701,887,53,2,194.7,27.49,3
2702,888,188,1,37.33,3.76,6
2703,888,180,3,148.26,9.05,1
2704,888,177,1,59.37,8.09,4
2705,889,48,2,270.96,7.69,10
2706,889,4,3,147.63,9.86,3
2707,890,68,1,59.51,9.05,7
2708,890,3,3,112.12,10.63,2
2709,891,126,1,147.04,1.33,5
2710,892,146,3,297.22,49.66,3
2711,893,129,1,228.95,35.5,10
2712,893,26,2,243.13,16.32,4
2713,893,126,3,111.73,12.19,10
2714,893,170,2,83.53,7.66,7
2715,893,91,2,215.95,38.5,9
2716,894,124,1,88.28,9.17,6
2717,894,164,1,52.89,4.34,7
2718,894,57,3,298.29,21.31,3
2719,894,8,1,177.5,24.7,2
2720,894,111,2,69.83,1.25,9
2721,895,164,1,289.98,50.87,6
2722,895,174,3,270.77,24.33,1
2723,895,135,1,86.94,11.81,2
2724,895,85,2,180.85,34.19,7
2725,896,80,1,21.92,2.28,4
2726,896,88,3,45.66,7.26,2
2727,896,146,2,93.64,18.16,6
2728,897,176,1,145.23,4.36,10
2729,897,75,3,171.86,5.59,10
2730,897,125,2,28.74,1.69,10
2731,897,117,1,73.02,12.06,7
2732,898,14,2,98.69,8.49,6
2733,899,13,2,49.94,8.78,1
2734,900,171,3,54.96,0.95,5
2735,900,70,1,298.82,11.76,8
2736,900,150,1,94.33,0.61,8
2737,900,91,1,245.4,31.27,4
2738,900,109,2,290.4,5.7,6
2739,901,78,3,100.11,11.29,9
2740,901,174,2,243.27,6.77,7
2741,901,197,1,82.51,6.87,7
2742,902,78,2,34.82,3.95,3
2743,902,161,2,168.29,12.65,10
2744,903,25,1,162.71,22.59,7
2745,903,129,3,216.65,20.29,2
2746,903,110,2,131.95,10.83,10
2747,903,8,3,17.66,2.71,5
2748,904,194,1,188.41,11.39,4
2749,905,149,3,118.2,14.68,2
2750,905,145,2,25.53,4.32,2
2751,906,104,3,11.73,1.89,5
2752,906,133,2,253.37,4.29,3
2753,907,167,1,106.71,2.08,7
2754,907,75,3,149.63,9.91,3
2755,907,16,1,224.74,30.31,7
2756,908,180,1,159.72,17.95,6
2757,909,35,1,269.57,34.49,6
2758,909,40,2,192.19,27.64,2
2759,909,2,2,190.86,7.66,2
2760,909,18,1,54.38,9.57,1
2761,910,25,1,69.25,6.56,5
2762,910,130,2,123.31,22.84,8
2763,910,77,2,150.28,5.53,6
2764,910,61,3,85.48,10.48,5
2765,910,113,3,188.98,16.34,2
2766,911,48,1,247.38,32.53,3
2767,912,131,3,212.89,8.53,2
2768,912,123,2,93.94,1.88,3
2769,913,127,2,203.63,15.93,7
2770,913,179,1,144.55,23.52,8
2771,913,38,1,92.19,2.21,9
2772,913,100,1,178.36,1.22,9
2773,913,167,3,189.76,1.62,9
2774,914,36,2,265.9,24.38,7
2775,914,3,1,113.75,19.47,2
2776,914,129,1,111.16,15.7,1
2777,915,132,1,60.6,1.84,2
2778,915,168,3,173.31,15.93,6
2779,915,36,2,237.64,31.29,9
2780,915,101,1,275.69,35.57,2
2781,916,121,3,201.1,23.17,10
2782,916,130,3,162.38,4.2,10
2783,916,83,3,287.01,19.98,6
2784,916,159,2,29.6,0.17,7
2785,917,60,1,202.93,20.27,1
2786,917,174,2,103.86,4.81,5
2787,918,27,1,221.17,16.99,7
2788,918,108,1,27.96,1.4,7
2789,919,192,1,138.04,10.33,2
2790,920,45,2,41.22,3.71,9
2791,921,164,3,171.38,6.71,4
2792,921,126,2,206.87,9.33,10
2793,922,112,3,244.51,9.4,9
2794,922,150,1,192.44,25.74,3
2795,923,9,1,269.05,19.35,7
2796,923,105,3,168.51,2.43,3
2797,924,175,3,287.75,41.91,3
2798,924,136,2,65.14,2.7,5
2799,925,129,2,113.38,20.4,5
2800,925,36,1,137.27,17.17,5
2801,925,19,3,32.66,5.11,8
2802,925,77,1,44.2,2.04,3
2803,926,139,2,16.54,2.72,2
2804,926,75,2,123.22,8.82,3
2805,926,41,2,31.69,3.65,7
2806,926,133,3,155.01,12.38,5
2807,926,15,3,212.28,4.71,7
2808,927,68,3,18.69,1.26,5
2809,927,67,1,107.02,16.37,8
2810,927,36,1,168.66,24.75,2
2811,927,194,3,274.57,3.42,6
2812,928,19,3,272.25,38.28,5
2813,928,196,1,110.3,1.56,4
2814,928,107,3,224.39,41.71,8
2815,928,142,2,284.51,15.39,10
2816,929,27,1,154.01,6.94,10
2817,930,111,2,97.99,16.66,4
2818,930,59,1,280.06,1.48,8
2819,930,51,3,186.36,14.14,2
2820,931,142,2,25.12,3.85,3
2821,932,111,3,133.78,3.69,5
2822,932,113,1,270.17,53.09,1
2823,933,91,1,109.51,20.11,7
2824,933,61,1,36.68,0.07,6
2825,933,106,3,228.25,36.87,10
2826,934,146,1,297.37,0.89,7
2827,934,185,1,245.66,3.76,6
2828,934,33,2,62.37,0.55,8
2829,934,90,3,200.01,9.77,6
2830,934,75,1,185.78,17.79,7
2831,935,169,1,32.15,6.03,10
2832,936,127,3,223.21,15.94,3
2833,936,57,2,216.81,40.82,5
2834,937,75,3,80.82,14.43,6
2835,937,82,3,167.01,3.49,10
2836,937,89,2,214.6,26.69,4
2837,937,72,1,69.03,1.89,8
2838,937,134,1,98.43,10.89,6
2839,938,96,3,246.75,7.01,3
2840,939,179,2,198.47,18.01,7
2841,939,30,1,154.68,1.04,6
2842,940,151,2,97.12,18.75,5
2843,940,16,2,257.83,19.8,8
2844,940,5,2,121.55,1.08,10
2845,941,98,1,201.38,21.45,4
2846,941,170,2,19.08,2.91,6
2847,942,156,2,277.58,50.38,7
2848,943,56,1,108.87,18.06,5
2849,943,112,2,236.96,44.01,7
2850,943,193,1,244.15,27.02,6
2851,943,185,3,93.35,18.5,2
2852,943,137,2,132.91,19.12,10
2853,944,67,1,288.49,26.96,4
2854,944,61,1,273.24,15.34,10
2855,944,175,2,34.81,1.74,9
2856,944,139,2,107.88,8.51,3
2857,944,158,2,114.89,15.15,9
2858,945,4,1,99.0,13.08,1
2859,945,68,1,138.7,0.48,8
2860,945,3,2,20.73,1.49,4
2861,945,164,3,73.17,0.86,8
2862,945,21,2,270.14,29.79,5
2863,946,113,1,84.82,13.35,2
2864,947,127,1,75.95,2.65,7
2865,947,159,3,24.38,0.56,8
2866,947,10,1,208.49,35.88,3
2867,948,82,1,170.49,7.77,5
2868,948,183,2,292.83,0.94,4
2869,948,91,3,218.31,26.22,5
2870,948,90,1,32.47,2.88,3
2871,948,131,1,78.72,5.13,7
2872,949,175,2,30.7,2.62,7
2873,949,73,1,17.16,2.08,2
2874,949,93,2,292.78,52.55,8
2875,950,121,2,190.36,6.1,10
2876,950,12,2,279.79,51.03,8
2877,950,7,1,186.62,30.16,10
2878,951,184,3,157.37,18.3,7
2879,951,89,1,119.86,13.97,9
2880,951,169,3,53.52,8.16,9
2881,951,167,1,287.0,55.03,7
2882,951,58,3,156.01,17.92,9
2883,952,188,2,166.3,4.03,1
2884,952,136,1,186.06,24.53,6
2885,952,134,2,101.91,3.97,9
2886,952,148,2,274.21,18.03,10
2887,952,197,2,76.96,4.85,2
2888,953,178,1,139.05,26.63,2
2889,954,93,1,112.08,11.33,4
2890,954,93,3,150.4,6.93,6
2891,954,108,1,175.11,28.96,3
2892,954,33,3,81.03,14.74,10
2893,955,171,1,185.61,29.54,1
2894,955,88,2,44.21,3.61,10
2895,955,130,1,177.04,22.4,7
2896,955,198,1,270.96,47.49,6
2897,955,4,1,45.03,2.37,7
2898,956,183,2,225.43,5.7,2
2899,956,9,2,16.94,0.57,1
2900,956,19,1,159.32,16.87,2
2901,956,100,2,112.77,9.07,5
2902,956,143,1,216.48,5.15,4
2903,957,152,3,188.82,37.54,9
2904,957,12,1,224.24,15.92,9
2905,957,115,2,192.94,28.58,9
2906,958,75,2,213.03,31.25,10
2907,958,186,3,275.74,51.65,10
2908,958,22,1,269.72,32.02,4
2909,958,95,3,198.33,15.05,8
2910,959,46,3,219.53,12.26,6
2911,959,198,1,77.36,7.63,7
2912,959,13,3,160.13,16.82,8
2913,959,131,2,92.72,7.12,10
2914,960,37,1,246.06,36.15,9
2915,960,188,1,134.86,7.51,3
2916,961,81,1,110.73,3.67,6
2917,961,74,2,151.12,6.76,1
2918,961,44,2,282.37,14.65,8
2919,961,156,1,278.11,37.07,2
2920,961,37,1,69.98,11.74,5
2921,962,8,3,271.74,52.17,7
2922,962,139,3,241.71,0.32,2
2923,963,95,1,91.73,17.39,2
2924,964,188,2,161.06,26.77,3
2925,964,76,1,217.71,40.02,6
2926,964,31,2,267.78,26.42,5
2927,964,23,1,297.99,43.6,6
2928,965,91,1,225.84,10.05,8
2929,966,84,1,157.05,8.67,4
2930,967,173,1,214.97,13.53,9
2931,967,10,2,39.13,5.52,8
2932,967,134,2,65.22,7.28,6
2933,967,161,1,285.26,35.79,8
2934,967,63,1,180.04,31.4,2
2935,968,173,1,86.93,2.63,8
2936,968,48,3,154.05,4.06,8
2937,969,133,3,227.34,0.15,6
2938,970,126,3,187.25,26.59,2
2939,971,108,3,86.29,6.56,5
2940,972,61,3,111.12,11.79,1
2941,972,47,2,253.8,44.42,2
2942,972,172,2,152.16,19.17,1
2943,972,154,2,167.59,9.9,6
2944,972,57,1,289.25,51.88,2
2945,973,108,2,104.37,13.83,3
2946,973,30,1,144.77,9.23,4
2947,973,30,2,212.12,29.9,9
2948,974,126,3,129.48,6.08,3
2949,974,75,2,157.17,27.97,9
2950,974,105,1,173.05,11.19,3
2951,974,173,2,129.26,20.92,6
2952,975,103,2,274.59,14.74,9
2953,975,187,1,108.55,17.77,7
2954,975,79,2,128.85,14.75,8
2955,975,43,3,69.8,8.73,4
2956,976,157,2,47.47,5.12,7
2957,976,185,1,242.7,4.38,3
2958,976,181,2,274.55,42.11,3
2959,976,142,1,199.93,20.74,7
2960,976,93,3,67.55,2.12,7
2961,977,102,3,76.51,12.26,1
2962,977,96,2,129.88,14.36,10
2963,977,64,1,20.46,0.08,4
2964,977,135,1,155.43,24.6,8
2965,977,11,1,92.1,0.45,10
2966,978,9,2,227.48,36.99,7
2967,978,97,3,126.22,20.66,7
2968,979,22,1,31.43,4.54,1
2969,979,196,3,130.46,0.38,4
2970,979,139,3,276.5,5.28,4
2971,980,101,1,251.13,43.16,5
2972,980,83,2,158.58,0.74,2
2973,980,71,2,68.77,3.63,10
2974,980,168,3,146.71,8.55,2
2975,980,24,1,290.4,32.58,9
2976,981,73,3,164.63,8.05,3
2977,981,5,2,220.99,42.05,6
2978,981,196,3,217.23,19.65,6
2979,981,148,1,125.23,5.81,4
2980,982,123,3,41.6,2.58,8
2981,982,37,3,292.99,5.59,2
2982,982,44,1,260.8,25.55,5
2983,983,22,1,126.93,21.28,8
2984,983,134,3,253.5,38.56,9
2985,984,197,2,83.09,5.18,6
2986,985,39,1,103.22,11.67,10
2987,985,105,1,87.76,3.67,7
2988,985,144,2,168.22,10.53,10
2989,986,83,2,215.57,22.18,7
2990,986,190,3,33.62,0.71,10
2991,987,97,1,229.5,7.44,2
2992,988,43,1,136.9,26.61,6
2993,989,109,2,59.51,9.56,6
2994,990,36,3,263.52,22.04,8
2995,990,3,2,44.1,8.78,10
2996,990,185,3,88.62,5.71,3
2997,990,96,3,198.56,5.62,5
2998,991,176,1,242.82,46.23,10
2999,991,96,3,185.31,17.5,10
3000,991,54,2,278.85,40.16,2
3001,991,35,1,162.07,26.88,3
3002,991,3,2,130.73,3.93,6
3003,992,2,2,213.42,8.51,2
3004,993,138,2,106.0,1.3,4
3005,994,153,1,29.36,3.74,5
3006,994,58,2,192.36,35.7,2
3007,994,71,2,248.02,43.06,3
3008,994,150,3,98.67,12.32,6
3009,995,66,3,166.89,22.01,3
3010,995,20,3,54.2,7.92,9
3011,995,72,1,86.25,1.77,7
3012,995,134,3,197.0,15.09,7
3013,996,198,3,185.38,35.84,10
3014,996,189,3,203.86,19.3,3
3015,996,44,1,237.18,46.92,10
3016,996,24,3,52.48,1.73,7
3017,996,1,2,32.56,6.32,7
3018,997,131,2,133.37,12.58,3
3019,997,78,3,230.4,11.09,8
3020,998,97,2,214.81,15.25,9
3021,998,134,2,163.9,28.95,3
3022,998,55,1,284.19,47.38,9
3023,998,183,1,253.56,28.42,3
3024,999,178,2,208.76,23.29,8
3025,999,112,3,110.97,0.56,5
3026,999,94,2,233.52,16.16,3
3027,999,109,1,188.92,33.11,3
3028,1000,98,2,61.91,9.26,6
3029,1000,3,1,138.2,14.54,8
