payment_id,order_id,provider,amount,status,transaction_id,created_at
1,1,Stripe,265.27,pending,TXN-104332,2025-09-30 14:54:13.846396
2,2,PayPal,801.52,success,TXN-181960,2025-01-18 14:34:55.846396
3,3,Stripe,789.31,success,TXN-013389,2025-06-12 12:00:26.846396
4,4,Stripe,525.28,success,TXN-083863,2025-07-23 08:46:08.846396
5,5,Stripe,470.07,success,TXN-794026,2025-10-05 06:41:27.846396
6,6,GooglePay,922.9,success,TXN-542351,2025-03-30 11:05:12.846396
7,7,PayPal,1437.7,success,TXN-161559,2025-01-26 18:41:22.846396
8,8,GooglePay,1157.53,success,TXN-407816,2024-12-26 23:55:13.846396
9,9,GooglePay,1383.65,success,TXN-184959,2025-06-30 06:22:25.846396
10,10,PayPal,161.5,success,TXN-310341,2025-04-07 09:44:18.846396
11,11,Square,1939.13,success,TXN-316475,2025-11-02 13:22:57.846396
12,12,Stripe,750.85,success,TXN-255341,2025-03-05 14:31:39.846396
13,13,Square,1355.99,success,TXN-928327,2025-05-13 16:46:20.846396
14,14,Square,1342.91,success,TXN-648350,2025-03-25 10:26:40.846396
15,15,ApplePay,570.22,success,TXN-305641,2025-08-07 19:45:48.846396
16,16,Stripe,150.25,success,TXN-395376,2025-10-02 07:07:41.846396
17,17,GooglePay,822.74,failed,TXN-724238,2024-11-23 22:20:08.846396
18,18,GooglePay,880.42,success,TXN-849696,2025-08-23 22:18:26.846396
19,19,Stripe,1349.87,success,TXN-532871,2025-06-29 16:03:07.846396
20,20,Stripe,849.24,failed,TXN-012269,2025-08-21 06:28:25.846396
21,21,ApplePay,52.57,success,TXN-166978,2025-06-01 00:01:48.846396
22,22,Square,571.34,success,TXN-480184,2024-12-23 12:33:56.846396
23,23,PayPal,1711.09,success,TXN-514627,2025-10-23 02:13:14.846396
24,24,Stripe,1631.43,success,TXN-048281,2025-09-08 03:53:29.846396
25,25,GooglePay,1042.41,success,TXN-489325,2025-10-20 15:01:15.846396
26,26,ApplePay,211.62,success,TXN-288095,2025-05-01 14:54:42.846396
27,27,GooglePay,422.22,success,TXN-701543,2024-11-08 20:26:23.846396
28,28,Stripe,701.38,success,TXN-039117,2025-09-22 21:42:58.846396
29,29,Square,416.33,success,TXN-182278,2025-01-24 00:27:50.846396
30,30,PayPal,569.46,failed,TXN-248963,2025-09-10 22:39:08.846396
31,31,Square,1391.58,success,TXN-834657,2025-04-13 19:34:06.846396
32,32,ApplePay,1318.27,failed,TXN-871331,2024-12-22 04:32:40.846396
33,33,ApplePay,1265.28,success,TXN-509839,2025-10-10 04:09:17.846396
34,34,PayPal,1822.68,success,TXN-301031,2025-09-15 02:15:22.846396
35,35,Square,2100.05,success,TXN-051834,2025-02-17 22:11:58.846396
36,36,GooglePay,1104.11,success,TXN-738299,2025-06-25 15:15:21.846396
37,37,PayPal,988.96,success,TXN-737631,2024-11-17 08:16:11.846396
38,38,Stripe,749.23,failed,TXN-165667,2024-11-09 13:26:06.846396
39,39,PayPal,936.31,success,TXN-010651,2024-11-23 22:52:50.846396
40,40,GooglePay,2005.36,success,TXN-333872,2025-10-16 04:31:25.846396
41,41,GooglePay,257.42,refunded,TXN-624731,2025-08-28 07:49:46.846396
42,42,Square,239.07,refunded,TXN-781080,2025-02-11 14:17:04.846396
43,43,Stripe,1694.88,success,TXN-132677,2025-06-07 03:51:14.846396
44,44,Square,1142.81,success,TXN-360260,2025-10-03 14:26:00.846396
45,45,Stripe,103.34,success,TXN-647468,2024-12-31 19:54:12.846396
46,46,ApplePay,216.35,pending,TXN-723430,2025-01-19 02:12:37.846396
47,47,Square,983.78,refunded,TXN-980500,2024-12-15 02:59:03.846396
48,48,GooglePay,327.18,failed,TXN-978820,2025-08-11 11:23:15.846396
49,49,Square,377.54,success,TXN-812191,2025-07-15 04:22:33.846396
50,50,GooglePay,2019.78,success,TXN-361939,2025-05-20 10:55:43.846396
51,51,PayPal,308.37,success,TXN-909169,2025-06-13 07:05:06.846396
52,52,Stripe,1218.15,success,TXN-985435,2025-04-07 18:46:35.846396
53,53,Stripe,2507.04,success,TXN-346247,2024-12-08 22:16:05.846396
54,54,Square,1465.05,success,TXN-510799,2025-07-22 06:11:16.846396
55,55,GooglePay,1068.88,failed,TXN-118384,2025-02-09 13:20:42.846396
56,56,ApplePay,1302.53,success,TXN-251354,2025-06-02 15:12:54.846396
57,57,PayPal,419.14,success,TXN-278498,2024-11-28 09:24:04.846396
58,58,GooglePay,1090.26,success,TXN-084124,2025-08-25 05:53:03.846396
59,59,GooglePay,409.95,success,TXN-118244,2025-04-15 19:32:26.846396
60,60,GooglePay,1212.25,success,TXN-935348,2025-10-04 21:46:22.846396
61,61,PayPal,1260.2,success,TXN-740164,2025-06-30 09:27:57.846396
62,62,Square,658.49,success,TXN-005242,2025-02-26 05:16:08.846396
63,63,ApplePay,685.43,success,TXN-786801,2025-03-12 00:18:15.846396
64,64,Stripe,494.83,success,TXN-128059,2025-11-03 21:51:52.846396
65,65,GooglePay,1290.28,success,TXN-826204,2025-08-16 21:45:01.846396
66,66,Stripe,947.39,success,TXN-505331,2025-01-06 14:44:50.846396
67,67,Stripe,248.59,success,TXN-586923,2025-03-31 08:52:17.846396
68,68,Square,245.94,success,TXN-226025,2025-09-26 20:27:41.846396
69,69,Square,380.74,success,TXN-634216,2024-12-24 09:56:37.846396
70,70,GooglePay,990.05,success,TXN-073375,2025-04-27 15:36:47.846396
71,71,GooglePay,66.71,success,TXN-433036,2025-06-22 06:56:10.846396
72,72,ApplePay,191.75,success,TXN-541458,2025-01-02 13:35:23.846396
73,73,ApplePay,835.8,success,TXN-685014,2025-05-16 08:03:31.846396
74,74,ApplePay,200.02,failed,TXN-294019,2024-11-27 22:04:25.846396
75,75,Stripe,1063.67,success,TXN-655698,2025-10-23 19:56:07.846396
76,76,Square,1102.06,success,TXN-169340,2025-06-03 09:26:52.846396
77,77,PayPal,1461.32,success,TXN-608835,2025-02-07 01:51:41.846396
78,78,ApplePay,1034.56,success,TXN-615951,2025-06-04 19:53:08.846396
79,79,Square,898.99,success,TXN-484656,2025-05-20 12:15:36.846396
80,80,ApplePay,981.79,success,TXN-482366,2025-05-06 21:57:42.846396
81,81,Stripe,1296.66,success,TXN-299468,2025-02-15 01:21:28.846396
82,82,Stripe,1482.69,refunded,TXN-044369,2025-05-05 10:12:21.846396
83,83,PayPal,352.74,success,TXN-957773,2025-04-25 11:51:18.846396
84,84,PayPal,169.06,failed,TXN-872148,2025-03-21 12:14:35.846396
85,85,PayPal,434.29,success,TXN-951343,2025-04-17 02:44:20.846396
86,86,Square,953.92,failed,TXN-320037,2025-08-29 17:46:15.846396
87,87,Square,60.91,success,TXN-917693,2024-11-09 05:46:47.846396
88,88,GooglePay,440.75,success,TXN-676320,2024-12-12 22:52:20.846396
89,89,PayPal,1182.41,success,TXN-163287,2025-04-09 05:18:50.846396
90,90,Stripe,1282.46,success,TXN-083172,2025-10-30 21:36:53.846396
91,91,Stripe,1179.77,success,TXN-788957,2025-10-13 00:39:16.846396
92,92,Stripe,530.9,success,TXN-986872,2025-04-12 01:38:06.846396
93,93,GooglePay,1147.69,success,TXN-774348,2025-02-24 02:30:07.846396
94,94,Stripe,149.91,failed,TXN-734714,2025-07-03 02:56:06.846396
95,95,GooglePay,748.24,success,TXN-345581,2025-02-01 10:50:17.846396
96,96,ApplePay,1079.09,success,TXN-223623,2025-09-29 09:23:48.846396
97,97,PayPal,489.88,success,TXN-166587,2025-04-13 19:01:45.846396
98,98,GooglePay,421.63,success,TXN-603669,2025-03-14 04:08:58.846396
99,99,GooglePay,447.05,success,TXN-096705,2025-09-26 07:48:35.846396
100,100,Square,213.62,success,TXN-466889,2025-03-12 16:13:23.846396
101,101,Square,1241.9,success,TXN-373467,2025-02-27 17:15:14.846396
102,102,PayPal,1575.44,success,TXN-065627,2025-08-19 19:55:23.846396
103,103,ApplePay,478.41,success,TXN-298069,2025-10-14 06:11:17.846396
104,104,Stripe,292.99,success,TXN-901627,2025-09-18 05:13:43.846396
105,105,Stripe,658.63,success,TXN-204653,2025-07-08 03:14:12.846396
106,106,GooglePay,1418.07,success,TXN-755646,2025-08-01 04:29:38.846396
107,107,Stripe,472.24,failed,TXN-417080,2024-12-16 21:15:11.846396
108,108,Square,479.19,success,TXN-531003,2025-08-11 13:47:02.846396
109,109,Square,1108.54,success,TXN-309232,2025-10-29 16:24:49.846396
110,110,GooglePay,1062.86,pending,TXN-719374,2025-06-04 22:53:50.846396
111,111,Square,586.81,failed,TXN-529912,2025-02-20 02:08:50.846396
112,112,PayPal,949.81,success,TXN-419049,2025-08-28 00:41:58.846396
113,113,GooglePay,920.68,success,TXN-663193,2025-05-26 02:06:22.846396
114,114,GooglePay,899.53,success,TXN-149190,2025-07-14 18:50:21.846396
115,115,PayPal,250.65,success,TXN-586518,2025-05-25 23:05:18.846396
116,116,GooglePay,831.37,success,TXN-506716,2025-07-03 15:29:49.846396
117,117,Stripe,1590.65,success,TXN-572628,2025-09-07 07:23:56.846396
118,118,Stripe,169.25,pending,TXN-498776,2025-06-13 15:47:27.846396
119,119,Square,1758.92,success,TXN-945314,2025-05-20 22:46:07.846396
120,120,GooglePay,713.68,success,TXN-737996,2025-05-21 20:58:52.846396
121,121,Stripe,1636.32,success,TXN-507527,2024-11-18 06:29:23.846396
122,122,PayPal,1691.59,success,TXN-354549,2024-12-13 10:34:47.846396
123,123,GooglePay,1683.57,success,TXN-480831,2024-11-18 09:28:20.846396
124,124,PayPal,495.65,pending,TXN-367837,2025-10-15 15:00:54.846396
125,125,Stripe,1385.65,failed,TXN-770143,2025-03-18 00:16:52.846396
126,126,PayPal,1357.72,success,TXN-634957,2025-01-04 16:48:46.846396
127,127,GooglePay,1690.29,failed,TXN-885685,2025-04-16 07:48:51.846396
128,128,GooglePay,658.94,success,TXN-574443,2025-02-15 13:37:02.846396
129,129,PayPal,417.84,refunded,TXN-135182,2025-04-10 08:42:38.846396
130,130,ApplePay,840.76,pending,TXN-337498,2025-08-08 02:26:49.846396
131,131,Square,1429.79,success,TXN-941343,2025-10-04 23:16:26.846396
132,132,PayPal,574.65,success,TXN-524082,2025-06-18 00:02:13.846396
133,133,Stripe,1787.45,success,TXN-400842,2025-06-16 17:15:47.846396
134,134,ApplePay,1255.28,success,TXN-710947,2025-09-19 06:26:40.846396
135,135,Square,638.72,success,TXN-775204,2025-09-05 20:37:20.846396
136,136,PayPal,681.74,pending,TXN-711671,2025-06-24 19:43:44.846396
137,137,ApplePay,1313.3,success,TXN-902294,2025-05-19 23:05:53.846396
138,138,Square,1127.26,success,TXN-131869,2025-07-15 18:34:23.846396
139,139,ApplePay,1251.8,success,TXN-993867,2025-09-09 20:54:32.846396
140,140,Square,425.86,failed,TXN-749649,2024-12-19 19:38:16.846396
141,141,Square,979.39,success,TXN-909133,2025-03-11 04:11:03.846396
142,142,Stripe,2406.3,success,TXN-412328,2024-12-24 21:33:47.846396
143,143,Square,448.26,success,TXN-120679,2025-04-13 08:01:26.846396
144,144,ApplePay,2276.17,success,TXN-740344,2025-05-04 02:20:32.846396
145,145,Stripe,1591.99,success,TXN-713493,2025-11-03 03:22:14.846396
146,146,PayPal,844.67,success,TXN-618324,2025-01-08 17:51:43.846396
147,147,ApplePay,241.12,pending,TXN-210249,2025-10-27 17:35:28.846396
148,148,PayPal,1182.65,success,TXN-947174,2025-03-28 08:18:59.846396
149,149,Square,1020.92,success,TXN-648877,2025-02-15 21:38:10.846396
150,150,Stripe,916.41,success,TXN-190659,2024-11-15 06:17:51.846396
151,151,GooglePay,883.16,success,TXN-401399,2025-08-17 21:29:11.846396
152,152,Square,1098.73,success,TXN-049027,2024-12-29 11:17:48.846396
153,153,GooglePay,895.17,success,TXN-874296,2025-06-20 23:15:18.846396
154,154,ApplePay,928.11,success,TXN-717565,2025-01-03 13:13:45.846396
155,155,GooglePay,1053.13,success,TXN-512567,2025-09-25 12:48:07.846396
156,156,GooglePay,1011.31,success,TXN-468071,2024-12-20 19:53:11.846396
157,157,Square,1117.0,success,TXN-545168,2025-09-10 09:21:58.846396
158,158,GooglePay,1886.73,success,TXN-087603,2025-06-21 21:40:35.846396
159,159,ApplePay,1502.22,success,TXN-859770,2025-09-19 13:02:35.846396
160,160,GooglePay,1602.68,success,TXN-348247,2025-02-24 20:29:08.846396
161,161,PayPal,630.26,success,TXN-710932,2025-02-04 06:56:51.846396
162,162,GooglePay,1596.27,success,TXN-480861,2025-06-27 08:28:13.846396
163,163,Square,984.53,success,TXN-317127,2025-04-02 21:08:37.846396
164,164,Square,407.1,success,TXN-484677,2025-03-05 20:28:56.846396
165,165,PayPal,118.47,pending,TXN-378263,2025-06-11 15:01:44.846396
166,166,ApplePay,878.82,success,TXN-982146,2025-03-22 16:01:44.846396
167,167,ApplePay,1895.19,success,TXN-584044,2025-09-09 07:34:28.846396
168,168,GooglePay,105.59,success,TXN-997278,2025-10-26 21:55:18.846396
169,169,ApplePay,632.67,success,TXN-755886,2025-08-10 04:49:43.846396
170,170,PayPal,1141.08,success,TXN-753396,2025-06-15 22:35:08.846396
171,171,Stripe,502.0,success,TXN-360576,2025-03-04 07:47:33.846396
172,172,PayPal,1305.91,success,TXN-627028,2025-08-30 12:18:54.846396
173,173,GooglePay,554.98,success,TXN-951718,2025-06-22 20:58:39.846396
174,174,PayPal,818.65,failed,TXN-702621,2025-07-15 14:10:20.846396
175,175,ApplePay,36.83,success,TXN-745961,2025-04-20 14:39:31.846396
176,176,GooglePay,1416.29,refunded,TXN-586578,2025-07-19 21:20:38.846396
177,177,Square,919.33,refunded,TXN-091343,2025-06-27 14:03:23.846396
178,178,GooglePay,1660.82,success,TXN-161172,2025-06-03 05:35:10.846396
179,179,ApplePay,26.0,success,TXN-400504,2024-12-05 17:40:47.846396
180,180,ApplePay,1311.83,failed,TXN-556238,2025-09-25 02:56:40.846396
181,181,ApplePay,1345.95,success,TXN-692221,2025-01-12 21:20:13.846396
182,182,Square,1060.56,success,TXN-969379,2025-09-27 09:01:07.846396
183,183,ApplePay,905.61,success,TXN-237474,2024-11-15 06:57:25.846396
184,184,ApplePay,68.29,success,TXN-074821,2025-07-01 15:07:37.846396
185,185,PayPal,279.05,success,TXN-759464,2025-04-06 05:22:39.846396
186,186,GooglePay,1241.7,success,TXN-743671,2025-07-05 19:43:27.846396
187,187,PayPal,1251.11,success,TXN-369594,2025-02-12 08:40:22.846396
188,188,PayPal,656.55,success,TXN-406409,2025-06-07 23:13:29.846396
189,189,Square,672.27,success,TXN-097439,2025-04-09 08:13:12.846396
190,190,Stripe,849.06,success,TXN-533942,2025-08-10 04:29:04.846396
191,191,ApplePay,1157.36,failed,TXN-104709,2025-05-21 03:25:43.846396
192,192,Stripe,511.01,failed,TXN-521456,2025-08-28 00:47:37.846396
193,193,ApplePay,157.5,success,TXN-232858,2025-07-08 00:43:49.846396
194,194,Square,1500.28,success,TXN-842474,2025-01-11 05:08:17.846396
195,195,GooglePay,1678.03,success,TXN-517123,2024-12-30 05:59:58.846396
196,196,GooglePay,511.08,failed,TXN-685160,2025-06-05 10:41:24.846396
197,197,PayPal,28.48,success,TXN-481754,2025-04-30 09:32:32.846396
198,198,Stripe,851.98,success,TXN-965137,2025-04-26 06:16:43.846396
199,199,ApplePay,1325.32,success,TXN-098593,2025-07-15 06:32:53.846396
200,200,PayPal,612.69,refunded,TXN-174612,2025-09-27 21:18:48.846396
201,201,Stripe,766.4,failed,TXN-004711,2025-09-28 14:30:34.846396
202,202,GooglePay,1868.21,success,TXN-382675,2024-11-20 12:31:29.846396
203,203,ApplePay,309.66,success,TXN-869261,2025-05-18 02:31:51.846396
204,204,PayPal,938.64,success,TXN-796405,2025-08-23 17:24:21.846396
205,205,Square,855.54,success,TXN-377351,2025-05-22 09:24:47.846396
206,206,Square,768.08,success,TXN-585064,2025-01-19 19:18:14.846396
207,207,Square,1026.6,success,TXN-317139,2025-10-14 11:11:32.846396
208,208,Square,1679.81,success,TXN-005329,2025-01-26 13:32:22.846396
209,209,Stripe,2030.34,success,TXN-318393,2025-09-30 02:17:56.846396
210,210,Square,493.51,success,TXN-352904,2025-02-16 00:51:23.846396
211,211,Stripe,1320.46,success,TXN-228421,2025-08-25 23:55:10.846396
212,212,PayPal,779.56,success,TXN-020539,2024-11-20 10:48:56.846396
213,213,PayPal,481.54,success,TXN-502402,2025-10-24 12:38:09.846396
214,214,Stripe,215.89,success,TXN-681177,2025-09-12 23:40:40.846396
215,215,ApplePay,1356.07,success,TXN-589178,2025-10-21 10:51:01.846396
216,216,PayPal,768.44,success,TXN-390847,2025-09-26 10:22:58.846396
217,217,Stripe,1110.3,success,TXN-007661,2025-08-30 00:08:04.846396
218,218,Square,494.16,success,TXN-771159,2025-04-23 01:58:41.846396
219,219,Square,61.48,success,TXN-212499,2025-05-14 06:10:40.846396
220,220,ApplePay,1630.74,failed,TXN-856984,2025-07-10 21:35:45.846396
221,221,Stripe,1138.38,success,TXN-789611,2024-12-16 15:58:30.846396
222,222,PayPal,646.36,success,TXN-836736,2024-12-24 01:12:58.846396
223,223,GooglePay,1102.92,success,TXN-576615,2025-06-29 00:16:12.846396
224,224,Stripe,575.82,success,TXN-654527,2025-09-30 00:22:30.846396
225,225,Square,535.67,success,TXN-111161,2025-09-22 07:17:25.846396
226,226,Square,438.8,pending,TXN-528098,2024-12-10 09:59:04.846396
227,227,ApplePay,613.49,success,TXN-851656,2025-01-05 15:56:21.846396
228,228,ApplePay,1518.32,success,TXN-049451,2025-01-05 14:23:20.846396
229,229,PayPal,1218.67,success,TXN-983273,2025-06-29 00:21:30.846396
230,230,Square,805.64,success,TXN-158514,2025-01-27 01:57:20.846396
231,231,ApplePay,169.99,success,TXN-936899,2025-06-04 21:02:07.846396
232,232,GooglePay,887.71,success,TXN-809402,2025-06-21 19:26:48.846396
233,233,Stripe,35.76,success,TXN-445502,2025-08-13 10:19:39.846396
234,234,PayPal,1059.61,success,TXN-296120,2025-02-13 15:17:52.846396
235,235,GooglePay,1029.04,success,TXN-183667,2025-10-02 10:08:00.846396
236,236,Stripe,130.71,success,TXN-525459,2025-03-11 15:26:06.846396
237,237,PayPal,428.32,success,TXN-910229,2025-02-22 08:11:59.846396
238,238,Square,1723.47,success,TXN-014767,2025-09-09 10:57:12.846396
239,239,Square,294.11,success,TXN-976438,2025-03-16 17:12:12.846396
240,240,PayPal,1729.24,success,TXN-156149,2025-05-10 19:30:47.846396
241,241,ApplePay,977.59,success,TXN-784036,2025-03-21 12:45:29.846396
242,242,ApplePay,413.38,success,TXN-900343,2024-12-10 04:11:23.846396
243,243,ApplePay,641.76,success,TXN-244510,2025-01-01 03:18:26.846396
244,244,Square,1060.32,success,TXN-762268,2025-10-12 05:50:08.846396
245,245,PayPal,73.28,success,TXN-388516,2024-12-10 04:17:22.846396
246,246,Square,1170.96,success,TXN-060715,2025-07-18 02:59:59.846396
247,247,Square,195.51,success,TXN-969664,2025-01-22 13:14:30.846396
248,248,GooglePay,863.65,success,TXN-160529,2025-09-04 06:48:55.846396
249,249,ApplePay,541.28,success,TXN-751613,2025-08-05 21:35:13.846396
250,250,PayPal,461.25,success,TXN-696816,2024-12-26 15:00:57.846396
251,251,Square,2394.97,success,TXN-453521,2025-06-17 03:17:27.846396
252,252,PayPal,437.26,success,TXN-818835,2025-06-01 01:59:45.846396
253,253,ApplePay,1364.55,success,TXN-523124,2025-04-17 20:07:49.846396
254,254,GooglePay,482.72,success,TXN-329212,2024-12-10 14:10:18.846396
255,255,PayPal,1701.97,success,TXN-779979,2025-05-16 15:35:15.846396
256,256,PayPal,412.23,success,TXN-955271,2025-08-22 22:51:08.846396
257,257,GooglePay,1166.43,success,TXN-774490,2025-10-13 02:14:56.846396
258,258,Stripe,725.57,success,TXN-581477,2025-04-16 23:39:11.846396
259,259,PayPal,968.92,success,TXN-005411,2025-01-26 10:45:40.846396
260,260,Stripe,1076.98,failed,TXN-998679,2025-08-20 00:13:57.846396
261,261,Square,1218.72,success,TXN-807935,2025-06-15 07:16:27.846396
262,262,Square,2039.56,success,TXN-978207,2025-08-18 11:48:22.846396
263,263,Square,794.04,failed,TXN-151820,2025-03-26 22:06:00.846396
264,264,Stripe,657.15,success,TXN-377889,2025-01-20 07:28:09.846396
265,265,ApplePay,2235.15,success,TXN-255466,2025-09-28 11:57:59.846396
266,266,Stripe,1101.95,success,TXN-590515,2025-06-11 03:22:01.846396
267,267,Square,1232.52,success,TXN-186449,2025-04-22 07:30:56.846396
268,268,Stripe,442.15,success,TXN-251925,2025-01-27 09:20:42.846396
269,269,GooglePay,401.78,success,TXN-462914,2025-10-13 02:17:17.846396
270,270,PayPal,924.72,success,TXN-865281,2025-03-26 18:41:56.846396
271,271,ApplePay,258.89,failed,TXN-685054,2025-01-02 21:09:46.846396
272,272,GooglePay,86.73,refunded,TXN-235733,2025-10-14 22:04:46.846396
273,273,GooglePay,597.74,success,TXN-221418,2024-12-06 11:07:48.846396
274,274,Stripe,136.1,failed,TXN-880592,2025-03-16 21:23:19.846396
275,275,PayPal,555.46,success,TXN-962229,2025-06-14 17:14:49.846396
276,276,PayPal,56.07,success,TXN-270653,2025-03-06 05:03:51.846396
277,277,Stripe,91.52,success,TXN-794738,2024-11-29 02:43:57.846396
278,278,ApplePay,1003.11,success,TXN-347359,2025-08-29 02:28:48.846396
279,279,Square,317.22,pending,TXN-774688,2025-06-08 21:23:28.846396
280,280,Square,2667.64,success,TXN-623924,2025-02-03 09:21:19.846396
281,281,Stripe,1038.93,success,TXN-075818,2024-12-31 19:42:32.846396
282,282,GooglePay,2288.1,success,TXN-141247,2024-12-17 01:15:34.846396
283,283,ApplePay,886.67,success,TXN-826137,2025-01-31 13:37:52.846396
284,284,PayPal,834.74,failed,TXN-506068,2025-02-13 23:34:14.846396
285,285,Stripe,1073.97,success,TXN-536153,2025-01-20 20:10:11.846396
286,286,GooglePay,1027.79,success,TXN-051522,2025-10-09 13:35:37.846396
287,287,Square,217.62,success,TXN-047277,2025-08-31 03:11:39.846396
288,288,Square,1258.62,success,TXN-901043,2025-09-22 22:37:04.846396
289,289,GooglePay,350.53,success,TXN-289861,2024-12-12 03:55:23.846396
290,290,Stripe,35.45,success,TXN-434103,2024-12-05 23:39:50.846396
291,291,Square,899.76,success,TXN-697117,2025-06-25 12:13:10.846396
292,292,Stripe,1321.64,success,TXN-980893,2025-10-04 14:08:16.846396
293,293,GooglePay,1267.83,success,TXN-246095,2025-07-01 07:58:45.846396
294,294,Square,1029.89,success,TXN-396218,2025-10-05 17:42:13.846396
295,295,ApplePay,583.01,success,TXN-518888,2025-01-23 13:06:10.846396
296,296,Square,1369.55,success,TXN-806706,2024-12-22 05:13:13.846396
297,297,ApplePay,1907.08,success,TXN-540515,2025-11-05 02:47:18.846396
298,298,Stripe,422.97,success,TXN-319520,2025-01-28 00:05:57.846396
299,299,Square,329.88,success,TXN-585277,2025-04-29 08:37:07.846396
300,300,PayPal,379.17,success,TXN-221704,2024-12-27 07:09:54.846396
301,301,ApplePay,165.04,success,TXN-303054,2025-10-10 08:47:38.846396
302,302,GooglePay,293.13,pending,TXN-868740,2025-10-11 15:59:58.846396
303,303,Square,1017.74,success,TXN-345054,2025-10-12 01:07:15.846396
304,304,ApplePay,480.22,failed,TXN-156676,2025-04-14 07:12:00.846396
305,305,GooglePay,1388.31,success,TXN-527758,2025-11-01 06:00:56.846396
306,306,PayPal,445.59,success,TXN-416169,2024-11-18 00:03:07.846396
307,307,ApplePay,958.99,success,TXN-284511,2025-07-12 17:50:27.846396
308,308,PayPal,739.94,success,TXN-544796,2025-04-06 14:31:57.846396
309,309,Square,1762.53,success,TXN-275705,2024-11-27 23:06:41.846396
310,310,ApplePay,1115.43,success,TXN-964016,2025-01-25 16:45:27.846396
311,311,GooglePay,381.89,success,TXN-582029,2025-06-20 12:26:27.846396
312,312,PayPal,195.47,success,TXN-702135,2025-03-08 03:01:23.846396
313,313,GooglePay,841.47,success,TXN-569092,2025-03-06 06:17:34.846396
314,314,Stripe,1920.35,success,TXN-755719,2025-05-14 07:37:07.846396
315,315,PayPal,395.25,success,TXN-285654,2025-07-24 06:03:16.846396
316,316,Square,1706.78,success,TXN-310278,2025-01-16 19:57:09.846396
317,317,ApplePay,2008.58,success,TXN-681447,2024-12-30 05:38:02.846396
318,318,PayPal,1025.62,success,TXN-394731,2025-03-26 03:12:34.846396
319,319,ApplePay,871.59,success,TXN-217271,2025-03-02 03:16:31.846396
320,320,GooglePay,655.13,success,TXN-551884,2025-05-28 05:07:40.846396
321,321,Stripe,1253.87,success,TXN-422583,2025-05-17 19:01:31.846396
322,322,Square,1080.99,failed,TXN-132370,2025-10-06 23:03:28.846396
323,323,Square,1628.94,success,TXN-589578,2025-07-06 15:54:12.846396
324,324,Square,1151.59,success,TXN-291146,2024-11-10 13:44:05.846396
325,325,ApplePay,2283.92,failed,TXN-786691,2025-08-15 09:01:08.846396
326,326,GooglePay,1971.35,success,TXN-251778,2025-03-08 21:48:53.846396
327,327,GooglePay,1205.19,success,TXN-528922,2025-10-01 09:31:34.846396
328,328,ApplePay,16.83,failed,TXN-680182,2025-09-08 06:22:02.846396
329,329,PayPal,447.78,success,TXN-422535,2025-01-18 21:27:18.846396
330,330,ApplePay,494.51,pending,TXN-841438,2025-03-12 07:37:39.846396
331,331,ApplePay,1789.32,success,TXN-424981,2024-12-21 05:54:35.846396
332,332,ApplePay,2041.08,refunded,TXN-829922,2025-07-26 05:19:56.846396
333,333,PayPal,1139.26,success,TXN-995900,2024-11-29 09:59:39.846396
334,334,PayPal,796.54,success,TXN-109439,2024-11-16 23:51:06.846396
335,335,Square,634.72,failed,TXN-690784,2025-10-10 09:43:27.846396
336,336,Stripe,2203.93,success,TXN-473647,2025-01-14 12:27:52.846396
337,337,Stripe,1866.28,success,TXN-102767,2025-02-05 03:46:00.846396
338,338,PayPal,1001.71,success,TXN-735925,2025-01-15 13:08:51.846396
339,339,Square,719.29,success,TXN-556258,2025-02-18 12:26:42.846396
340,340,Stripe,754.25,failed,TXN-815371,2025-07-30 01:20:57.846396
341,341,GooglePay,2070.17,success,TXN-473210,2025-10-04 17:48:29.846396
342,342,ApplePay,561.8,failed,TXN-469632,2025-04-24 20:47:52.846396
343,343,GooglePay,1164.91,success,TXN-595327,2025-06-22 00:55:39.846396
344,344,Square,924.62,refunded,TXN-877470,2025-07-21 00:13:29.846396
345,345,Stripe,903.28,success,TXN-168733,2025-06-11 13:43:26.846396
346,346,Stripe,427.54,success,TXN-950047,2025-04-07 22:32:42.846396
347,347,Square,1759.16,failed,TXN-974801,2025-04-06 22:00:34.846396
348,348,Square,547.19,success,TXN-624565,2025-02-01 03:00:44.846396
349,349,Square,590.22,success,TXN-060983,2025-05-06 09:14:10.846396
350,350,PayPal,476.31,success,TXN-584168,2024-12-17 10:03:41.846396
351,351,PayPal,297.31,success,TXN-784991,2025-10-19 16:40:30.846396
352,352,GooglePay,1651.22,failed,TXN-216558,2025-06-20 12:07:02.846396
353,353,PayPal,862.43,success,TXN-523986,2025-05-15 00:02:08.846396
354,354,PayPal,403.32,success,TXN-800025,2025-01-26 03:13:53.846396
355,355,Square,1201.4,success,TXN-787298,2025-08-28 15:51:48.846396
356,356,Stripe,759.18,failed,TXN-259526,2025-10-05 20:59:49.846396
357,357,Square,1112.93,success,TXN-949588,2025-02-10 05:01:11.846396
358,358,Stripe,1215.86,success,TXN-879470,2025-03-21 20:19:37.846396
359,359,GooglePay,954.79,success,TXN-551694,2025-04-03 04:44:03.846396
360,360,Square,908.75,success,TXN-097499,2025-06-26 17:08:11.846396
361,361,PayPal,985.65,refunded,TXN-309728,2025-04-19 23:29:58.846396
362,362,Stripe,739.13,success,TXN-962309,2025-04-05 21:46:16.846396
363,363,Square,567.13,success,TXN-130756,2025-03-02 15:16:08.846396
364,364,Square,103.22,pending,TXN-263689,2024-11-21 23:59:24.846396
365,365,ApplePay,1374.28,success,TXN-702838,2025-08-17 15:34:30.846396
366,366,Stripe,1543.09,failed,TXN-578652,2025-05-31 04:16:40.846396
367,367,ApplePay,416.49,success,TXN-785854,2024-12-14 15:24:47.846396
368,368,PayPal,1765.79,success,TXN-973348,2025-10-22 05:41:12.846396
369,369,PayPal,1287.92,success,TXN-434437,2025-09-04 17:28:31.846396
370,370,Square,463.27,success,TXN-575844,2025-01-11 05:42:49.846396
371,371,PayPal,982.18,success,TXN-198665,2025-04-22 19:03:33.846396
372,372,Stripe,2438.97,success,TXN-240415,2025-03-15 17:59:50.846396
373,373,Stripe,1328.01,success,TXN-747338,2025-09-24 21:52:32.846396
374,374,PayPal,275.88,success,TXN-484219,2025-10-01 16:59:24.846396
375,375,Square,1123.86,success,TXN-933083,2025-10-10 09:35:12.846396
376,376,PayPal,826.14,success,TXN-301657,2024-11-29 11:52:59.846396
377,377,Square,1905.11,success,TXN-120826,2025-03-23 10:33:25.846396
378,378,PayPal,1304.83,success,TXN-773454,2025-09-30 11:57:10.846396
379,379,Square,1091.45,success,TXN-019380,2025-04-11 04:26:01.846396
380,380,Stripe,953.68,success,TXN-262067,2024-12-13 13:01:53.846396
381,381,PayPal,808.3,success,TXN-240049,2025-07-01 18:16:42.846396
382,382,ApplePay,291.66,refunded,TXN-915478,2025-04-20 23:25:29.846396
383,383,Square,157.88,success,TXN-872874,2025-08-21 14:42:58.846396
384,384,Stripe,550.34,success,TXN-315274,2025-03-23 03:13:10.846396
385,385,ApplePay,1024.07,success,TXN-205493,2025-04-06 00:50:12.846396
386,386,Square,1386.81,success,TXN-296685,2025-04-25 07:52:59.846396
387,387,Square,1107.36,success,TXN-161227,2025-07-20 05:35:27.846396
388,388,ApplePay,1648.98,pending,TXN-530463,2024-11-19 14:07:43.846396
389,389,Square,1151.47,failed,TXN-745499,2025-02-25 08:05:21.846396
390,390,Stripe,88.46,success,TXN-045301,2025-07-19 08:36:18.846396
391,391,Square,48.4,success,TXN-742684,2024-11-10 14:45:50.846396
392,392,PayPal,897.06,pending,TXN-145933,2025-05-13 01:31:56.846396
393,393,Square,114.11,refunded,TXN-272795,2025-08-25 07:18:19.846396
394,394,Stripe,542.81,success,TXN-687833,2024-12-16 00:55:00.846396
395,395,PayPal,856.55,success,TXN-918785,2025-09-23 09:05:51.846396
396,396,GooglePay,436.06,success,TXN-191088,2025-05-18 23:11:45.846396
397,397,PayPal,525.89,failed,TXN-398225,2025-09-13 05:23:12.846396
398,398,Stripe,310.23,success,TXN-871397,2024-11-27 15:50:22.846396
399,399,ApplePay,148.81,failed,TXN-187072,2025-06-28 16:16:22.846396
400,400,Stripe,1255.46,success,TXN-867908,2025-09-15 22:26:51.846396
401,401,ApplePay,729.75,success,TXN-740640,2025-04-09 08:28:01.846396
402,402,Square,700.65,success,TXN-391065,2025-07-17 07:20:44.846396
403,403,Square,1856.99,success,TXN-180170,2025-04-26 14:50:27.846396
404,404,Square,83.12,success,TXN-462265,2025-10-26 09:45:39.846396
405,405,PayPal,208.16,refunded,TXN-676618,2025-10-09 07:54:42.846396
406,406,Stripe,1724.37,success,TXN-251286,2025-09-03 04:20:34.846396
407,407,GooglePay,876.54,refunded,TXN-823004,2025-09-20 00:41:33.846396
408,408,Square,1360.77,success,TXN-786863,2025-10-30 14:51:05.846396
409,409,GooglePay,2081.23,success,TXN-375243,2025-06-10 16:21:49.846396
410,410,PayPal,965.65,success,TXN-106903,2025-09-16 04:01:15.846396
411,411,Square,721.05,success,TXN-311907,2025-07-31 18:23:57.846396
412,412,Stripe,165.44,success,TXN-903067,2025-08-03 00:34:12.846396
413,413,PayPal,1182.96,success,TXN-383028,2025-05-01 06:44:22.846396
414,414,Stripe,1244.6,success,TXN-439599,2025-02-12 19:49:32.846396
415,415,PayPal,839.61,pending,TXN-534283,2025-04-07 21:22:21.846396
416,416,GooglePay,654.27,success,TXN-644089,2025-07-14 22:23:36.846396
417,417,Square,811.29,success,TXN-268705,2025-03-28 21:19:42.846396
418,418,ApplePay,475.84,success,TXN-685662,2025-05-22 01:12:53.846396
419,419,Stripe,550.86,success,TXN-462873,2025-04-03 13:43:39.846396
420,420,GooglePay,1752.07,success,TXN-342708,2025-07-10 18:38:28.846396
421,421,GooglePay,1447.05,success,TXN-668826,2025-10-30 20:44:22.846396
422,422,Stripe,946.08,success,TXN-343517,2025-09-04 19:33:44.846396
423,423,GooglePay,835.3,success,TXN-518304,2025-03-04 10:04:37.846396
424,424,Stripe,529.06,success,TXN-699013,2025-04-26 04:02:59.846396
425,425,ApplePay,1937.58,success,TXN-983735,2025-01-26 01:39:55.846396
426,426,ApplePay,233.86,success,TXN-403317,2025-02-17 21:18:30.846396
427,427,Stripe,499.54,failed,TXN-393638,2024-12-23 10:35:59.846396
428,428,GooglePay,508.52,success,TXN-546785,2024-11-25 17:13:27.846396
429,429,Square,975.69,success,TXN-445877,2025-07-19 17:38:01.846396
430,430,GooglePay,778.68,success,TXN-175355,2025-04-09 07:31:44.846396
431,431,GooglePay,1144.25,success,TXN-609320,2025-06-28 10:11:59.846396
432,432,GooglePay,1584.33,success,TXN-489964,2025-07-23 03:53:25.846396
433,433,Stripe,117.65,failed,TXN-235369,2025-01-31 03:33:31.846396
434,434,GooglePay,465.28,success,TXN-378547,2024-11-13 23:07:26.846396
435,435,ApplePay,299.22,success,TXN-772522,2025-02-04 09:05:40.846396
436,436,ApplePay,250.62,success,TXN-872808,2025-04-23 14:00:29.846396
437,437,ApplePay,660.3,success,TXN-010062,2025-07-08 22:37:56.846396
438,438,Square,1054.79,success,TXN-312038,2025-03-09 03:06:55.846396
439,439,Square,832.78,success,TXN-750997,2025-08-26 11:15:59.846396
440,440,ApplePay,470.12,success,TXN-700886,2024-12-07 15:09:16.846396
441,441,Stripe,1396.96,success,TXN-008484,2025-10-26 05:08:47.846396
442,442,Square,1245.85,success,TXN-086211,2025-10-01 21:35:32.846396
443,443,Stripe,148.66,success,TXN-823398,2025-01-16 04:15:37.846396
444,444,GooglePay,1268.1,success,TXN-454615,2025-05-17 01:59:26.846396
445,445,ApplePay,533.72,success,TXN-679334,2025-10-14 18:48:08.846396
446,446,ApplePay,773.29,failed,TXN-101666,2025-06-25 06:04:49.846396
447,447,Stripe,1074.57,refunded,TXN-870021,2025-01-04 13:05:55.846396
448,448,Square,1197.52,success,TXN-765918,2025-08-09 16:18:22.846396
449,449,GooglePay,1728.26,success,TXN-033974,2025-01-06 18:19:43.846396
450,450,ApplePay,121.74,success,TXN-014890,2025-07-26 03:04:11.846396
451,451,Square,457.03,success,TXN-250392,2025-06-08 03:28:54.846396
452,452,Stripe,620.7,success,TXN-614293,2025-10-18 22:04:13.846396
453,453,PayPal,908.42,success,TXN-968562,2024-11-09 18:47:01.846396
454,454,GooglePay,1391.66,success,TXN-185016,2025-05-03 13:10:18.846396
455,455,GooglePay,574.0,pending,TXN-315999,2024-11-24 21:18:10.846396
456,456,Square,351.08,pending,TXN-650477,2025-10-04 02:09:18.846396
457,457,Square,1335.96,failed,TXN-358662,2025-05-18 13:46:19.846396
458,458,Stripe,250.47,success,TXN-961943,2025-05-03 15:10:10.846396
459,459,GooglePay,160.32,success,TXN-114262,2025-01-10 18:57:29.846396
460,460,PayPal,1340.59,success,TXN-655110,2025-10-17 06:40:22.846396
461,461,Stripe,1931.06,success,TXN-475412,2025-03-13 03:37:16.846396
462,462,ApplePay,501.37,success,TXN-126788,2025-01-03 12:01:23.846396
463,463,PayPal,470.67,success,TXN-861015,2025-03-11 18:21:12.846396
464,464,Square,734.2,success,TXN-819956,2025-06-25 08:36:53.846396
465,465,GooglePay,72.0,success,TXN-046618,2024-11-29 01:29:46.846396
466,466,PayPal,116.44,success,TXN-398262,2024-12-06 15:57:08.846396
467,467,Stripe,1583.53,success,TXN-244472,2025-08-28 22:27:40.846396
468,468,ApplePay,1404.46,success,TXN-126464,2025-03-08 21:50:13.846396
469,469,GooglePay,282.61,success,TXN-715437,2025-04-09 20:52:05.846396
470,470,PayPal,644.85,success,TXN-993712,2025-02-04 09:38:31.846396
471,471,Square,227.11,success,TXN-406596,2024-12-01 23:23:24.846396
472,472,GooglePay,1409.5,success,TXN-575692,2025-10-31 02:00:29.846396
473,473,Square,2020.45,pending,TXN-459375,2025-02-10 06:26:08.846396
474,474,GooglePay,1128.13,success,TXN-265479,2025-11-03 16:06:21.846396
475,475,Square,1340.79,failed,TXN-356465,2025-06-08 07:08:25.846396
476,476,Square,568.11,success,TXN-193982,2025-03-16 18:15:12.846396
477,477,Stripe,393.16,success,TXN-807374,2024-12-25 06:21:07.846396
478,478,PayPal,720.0,success,TXN-167243,2025-05-21 08:52:35.846396
479,479,PayPal,521.7,success,TXN-426617,2025-09-05 07:11:50.846396
480,480,Square,499.04,success,TXN-979688,2025-04-12 11:24:30.846396
481,481,Stripe,2013.58,success,TXN-680589,2025-07-10 19:40:58.846396
482,482,Stripe,1433.4,failed,TXN-113529,2025-05-30 19:33:50.846396
483,483,ApplePay,869.92,success,TXN-096561,2025-07-05 06:16:47.846396
484,484,ApplePay,458.62,success,TXN-014388,2025-05-11 05:31:16.846396
485,485,Stripe,338.06,refunded,TXN-899375,2025-07-04 22:30:34.846396
486,486,GooglePay,2019.45,success,TXN-679825,2024-12-02 07:19:52.846396
487,487,Square,808.0,success,TXN-071461,2025-08-17 08:06:51.846396
488,488,PayPal,1958.55,success,TXN-125457,2025-02-15 22:51:37.846396
489,489,GooglePay,1694.7,success,TXN-387571,2025-07-21 06:53:54.846396
490,490,Square,75.86,success,TXN-775140,2025-10-01 04:42:44.846396
491,491,Stripe,1320.04,success,TXN-105123,2025-01-31 15:56:45.846396
492,492,GooglePay,100.85,success,TXN-828258,2025-08-12 10:13:04.846396
493,493,Square,1671.87,success,TXN-673622,2025-10-16 12:36:59.846396
494,494,PayPal,122.35,success,TXN-660937,2025-03-04 13:19:29.846396
495,495,Square,806.04,success,TXN-966033,2025-07-25 03:27:11.846396
496,496,PayPal,254.74,success,TXN-419182,2025-10-16 09:17:49.846396
497,497,Stripe,240.64,success,TXN-553714,2025-08-08 06:56:06.846396
498,498,ApplePay,1029.86,success,TXN-785969,2025-03-29 06:21:21.846396
499,499,GooglePay,8.87,success,TXN-691557,2025-10-20 02:31:37.846396
500,500,GooglePay,1066.81,success,TXN-924991,2025-01-23 19:37:25.846396
501,501,Square,856.68,success,TXN-251341,2025-05-06 20:34:59.846396
502,502,ApplePay,587.59,success,TXN-252866,2025-07-01 07:25:16.846396
503,503,Square,62.05,success,TXN-929662,2024-12-19 10:39:07.846396
504,504,GooglePay,1370.13,success,TXN-782827,2025-05-21 00:34:57.846396
505,505,ApplePay,171.47,pending,TXN-422579,2024-11-11 17:05:24.846396
506,506,Square,342.6,success,TXN-050723,2025-04-25 07:27:08.846396
507,507,GooglePay,197.63,success,TXN-688767,2025-02-24 07:29:10.846396
508,508,ApplePay,991.78,success,TXN-677219,2025-10-24 21:03:30.846396
509,509,Stripe,614.49,success,TXN-034043,2025-02-07 22:18:01.846396
510,510,PayPal,1268.99,success,TXN-842797,2025-11-07 01:21:06.846396
511,511,GooglePay,882.93,success,TXN-881914,2025-03-10 07:28:58.846396
512,512,ApplePay,1322.62,success,TXN-858078,2025-01-17 13:42:20.846396
513,513,Stripe,359.27,success,TXN-361340,2025-06-17 19:18:08.846396
514,514,Stripe,342.01,success,TXN-745171,2025-09-08 01:17:37.846396
515,515,ApplePay,1091.41,success,TXN-339596,2025-06-27 04:42:45.846396
516,516,PayPal,193.22,success,TXN-292330,2025-06-16 17:36:46.846396
517,517,ApplePay,793.3,success,TXN-958498,2024-12-21 09:22:24.846396
518,518,GooglePay,421.24,success,TXN-254494,2024-12-20 20:36:24.846396
519,519,Square,665.96,success,TXN-812604,2025-01-24 01:02:09.846396
520,520,GooglePay,795.99,success,TXN-223253,2024-11-09 22:04:26.846396
521,521,Square,1156.29,success,TXN-672946,2025-01-14 14:01:43.846396
522,522,GooglePay,1298.74,failed,TXN-671168,2025-08-19 05:30:27.846396
523,523,Stripe,705.04,success,TXN-457759,2025-05-07 07:01:43.846396
524,524,Square,319.2,success,TXN-017518,2025-05-24 11:17:58.846396
525,525,ApplePay,1265.37,success,TXN-636374,2025-08-21 19:41:17.846396
526,526,Stripe,1884.0,success,TXN-545892,2025-05-20 17:01:17.846396
527,527,Square,114.86,success,TXN-975001,2025-07-18 16:09:48.846396
528,528,GooglePay,696.53,success,TXN-701277,2025-06-11 21:45:50.846396
529,529,ApplePay,1552.85,success,TXN-063242,2025-03-13 09:36:25.846396
530,530,Square,1067.17,success,TXN-415415,2025-06-28 14:44:42.846396
531,531,Square,683.42,failed,TXN-206436,2025-04-27 09:25:50.846396
532,532,PayPal,550.83,success,TXN-110371,2025-06-15 10:33:13.846396
533,533,PayPal,373.6,success,TXN-293870,2025-09-10 18:09:47.846396
534,534,GooglePay,1001.15,success,TXN-051627,2025-04-20 21:27:41.846396
535,535,GooglePay,1731.15,pending,TXN-136111,2025-04-23 00:32:31.846396
536,536,GooglePay,809.01,success,TXN-554262,2025-08-22 18:07:29.846396
537,537,PayPal,1028.19,success,TXN-218909,2025-08-16 11:49:48.846396
538,538,GooglePay,1220.9,success,TXN-275326,2025-06-18 21:27:26.846396
539,539,ApplePay,787.17,pending,TXN-973112,2025-07-20 15:55:03.846396
540,540,PayPal,224.09,refunded,TXN-196565,2025-10-11 16:27:44.846396
541,541,Square,1948.31,success,TXN-234138,2025-06-25 08:37:13.846396
542,542,PayPal,1160.0,success,TXN-999404,2025-07-25 02:04:48.846396
543,543,ApplePay,1150.21,failed,TXN-389836,2025-08-08 08:28:14.846396
544,544,Square,861.94,success,TXN-403761,2025-10-10 23:46:32.846396
545,545,ApplePay,1247.95,success,TXN-379180,2025-10-04 10:23:50.846396
546,546,ApplePay,826.13,success,TXN-552696,2024-11-12 14:26:25.846396
547,547,PayPal,1184.49,success,TXN-582710,2025-08-01 07:09:58.846396
548,548,PayPal,544.88,failed,TXN-910430,2025-05-17 01:05:27.846396
549,549,ApplePay,1058.14,failed,TXN-068486,2025-01-24 23:24:36.846396
550,550,Stripe,833.35,success,TXN-661889,2025-06-08 13:58:34.846396
551,551,Stripe,1789.92,success,TXN-241418,2025-05-01 03:25:42.846396
552,552,Square,1193.89,success,TXN-328569,2025-07-09 14:24:16.846396
553,553,PayPal,199.12,success,TXN-146303,2025-04-08 12:28:37.846396
554,554,PayPal,16.94,success,TXN-161799,2025-10-04 14:49:55.846396
555,555,Stripe,1543.62,success,TXN-042102,2025-07-29 17:12:06.846396
556,556,GooglePay,754.19,success,TXN-027588,2025-06-14 03:40:23.846396
557,557,Stripe,1356.45,success,TXN-425241,2025-02-10 10:10:09.846396
558,558,Square,863.85,failed,TXN-056481,2025-09-18 18:02:04.846396
559,559,Square,1012.69,success,TXN-491778,2024-11-08 18:40:14.846396
560,560,Stripe,872.62,success,TXN-507925,2025-08-29 14:33:17.846396
561,561,PayPal,649.35,success,TXN-241913,2025-02-16 03:30:33.846396
562,562,ApplePay,2400.16,success,TXN-800030,2025-08-04 10:07:10.846396
563,563,Stripe,289.04,success,TXN-756220,2025-05-26 08:13:20.846396
564,564,GooglePay,239.41,failed,TXN-863536,2025-09-20 17:07:54.846396
565,565,GooglePay,705.39,success,TXN-541951,2024-12-20 15:43:37.846396
566,566,PayPal,914.38,success,TXN-802380,2025-01-04 17:30:53.846396
567,567,PayPal,439.92,success,TXN-617445,2025-06-11 08:33:55.846396
568,568,ApplePay,1227.12,success,TXN-187053,2025-02-11 04:34:09.846396
569,569,GooglePay,324.76,success,TXN-494937,2025-02-05 07:03:14.846396
570,570,GooglePay,639.42,success,TXN-597383,2025-02-11 22:18:13.846396
571,571,PayPal,768.49,success,TXN-206038,2024-11-11 04:29:39.846396
572,572,GooglePay,325.45,success,TXN-505064,2025-07-25 10:37:40.846396
573,573,ApplePay,1381.69,success,TXN-138367,2025-06-09 03:00:37.846396
574,574,Stripe,819.37,success,TXN-024103,2024-11-22 18:52:46.846396
575,575,Stripe,2127.03,refunded,TXN-865719,2025-08-10 21:21:37.846396
576,576,GooglePay,1409.6,success,TXN-182619,2025-07-20 06:51:54.846396
577,577,GooglePay,1300.52,pending,TXN-906234,2025-03-25 06:37:27.846396
578,578,Stripe,388.53,success,TXN-456557,2025-06-21 06:44:32.846396
579,579,Square,1761.75,success,TXN-431329,2025-10-07 19:51:45.846396
580,580,Stripe,288.0,success,TXN-121277,2025-05-05 14:01:02.846396
581,581,Stripe,1036.81,success,TXN-561853,2025-09-05 23:36:58.846396
582,582,Square,570.4,success,TXN-747411,2025-01-31 09:17:01.846396
583,583,GooglePay,284.72,success,TXN-249035,2025-08-26 23:37:23.846396
584,584,PayPal,333.47,success,TXN-213568,2025-02-02 22:38:02.846396
585,585,ApplePay,548.38,refunded,TXN-044206,2025-03-24 05:34:46.846396
586,586,PayPal,722.43,success,TXN-788317,2024-12-06 20:56:50.846396
587,587,ApplePay,855.72,pending,TXN-121003,2025-03-13 16:10:29.846396
588,588,Stripe,1213.83,success,TXN-236519,2025-05-27 04:40:15.846396
589,589,Square,281.13,failed,TXN-941013,2025-09-26 01:55:54.846396
590,590,ApplePay,1381.25,refunded,TXN-721510,2024-12-26 01:31:03.846396
591,591,ApplePay,326.19,success,TXN-702966,2025-06-29 04:37:09.846396
592,592,PayPal,1159.24,success,TXN-706625,2024-12-24 03:32:30.846396
593,593,Square,697.78,success,TXN-324472,2025-05-29 18:46:52.846396
594,594,ApplePay,1258.04,failed,TXN-099934,2025-04-22 21:10:32.846396
595,595,ApplePay,1347.73,failed,TXN-768701,2025-08-24 04:31:15.846396
596,596,Square,1605.52,refunded,TXN-462638,2025-09-24 03:34:59.846396
597,597,ApplePay,436.37,success,TXN-380657,2025-06-29 10:52:29.846396
598,598,Square,1405.37,success,TXN-875985,2025-10-06 21:50:27.846396
599,599,ApplePay,1281.03,success,TXN-642059,2025-05-11 19:58:00.846396
600,600,PayPal,264.44,success,TXN-304078,2025-01-30 12:44:08.846396
601,601,Stripe,1514.99,success,TXN-593213,2025-03-08 02:28:41.846396
602,602,Square,454.94,success,TXN-348039,2024-11-08 18:37:14.846396
603,603,ApplePay,811.93,success,TXN-652239,2025-03-03 05:45:45.846396
604,604,Square,1408.61,success,TXN-559059,2025-10-30 23:21:33.846396
605,605,Square,731.51,success,TXN-929378,2025-07-09 13:25:44.846396
606,606,Square,1954.33,success,TXN-427010,2024-12-28 14:36:27.846396
607,607,Stripe,338.41,success,TXN-393087,2025-05-21 15:41:52.846396
608,608,Square,211.88,success,TXN-059325,2025-08-23 11:09:31.846396
609,609,PayPal,1438.69,refunded,TXN-250029,2025-02-24 09:43:04.846396
610,610,GooglePay,1039.07,success,TXN-218515,2025-10-25 02:57:25.846396
611,611,Stripe,467.76,success,TXN-691545,2025-01-09 08:18:57.846396
612,612,Square,247.68,success,TXN-226752,2025-04-18 15:56:28.846396
613,613,Stripe,634.93,success,TXN-895392,2025-03-16 06:59:55.846396
614,614,ApplePay,658.96,failed,TXN-644220,2025-04-01 11:49:36.846396
615,615,ApplePay,1617.22,success,TXN-969029,2025-09-15 05:24:05.846396
616,616,PayPal,860.0,success,TXN-593917,2024-12-04 19:33:51.846396
617,617,Square,1270.45,success,TXN-251355,2025-07-20 10:04:55.846396
618,618,Stripe,33.03,pending,TXN-215704,2025-05-09 22:22:21.846396
619,619,ApplePay,1274.08,success,TXN-331541,2025-05-15 06:44:33.846396
620,620,Stripe,1267.38,success,TXN-006762,2024-11-16 08:14:07.846396
621,621,ApplePay,1057.82,success,TXN-676586,2024-11-28 13:03:06.846396
622,622,Square,1143.04,success,TXN-179327,2025-11-07 05:05:34.846396
623,623,PayPal,970.26,success,TXN-104054,2024-12-19 10:10:17.846396
624,624,ApplePay,651.44,success,TXN-115262,2025-03-30 13:53:38.846396
625,625,ApplePay,1461.69,refunded,TXN-181599,2025-01-27 06:22:46.846396
626,626,Square,107.84,success,TXN-706296,2025-10-07 10:16:00.846396
627,627,Stripe,958.14,success,TXN-201533,2025-03-09 12:57:30.846396
628,628,Square,780.64,failed,TXN-688444,2025-06-29 09:08:35.846396
629,629,PayPal,1128.42,success,TXN-310698,2025-10-10 17:14:43.846396
630,630,PayPal,391.72,success,TXN-720506,2025-10-31 11:15:48.846396
631,631,PayPal,1609.14,success,TXN-149731,2025-07-29 20:17:21.846396
632,632,Stripe,1858.65,success,TXN-032417,2025-03-25 15:08:54.846396
633,633,Square,294.8,success,TXN-146774,2025-08-03 13:10:32.846396
634,634,PayPal,475.3,success,TXN-186256,2025-07-19 03:25:24.846396
635,635,Stripe,1509.81,success,TXN-527047,2025-08-25 16:55:34.846396
636,636,ApplePay,965.27,success,TXN-743490,2025-08-27 15:02:58.846396
637,637,GooglePay,557.94,success,TXN-211586,2024-11-13 19:45:14.846396
638,638,Stripe,346.45,success,TXN-938068,2025-01-23 17:21:57.846396
639,639,GooglePay,471.53,success,TXN-687937,2025-10-10 02:07:08.846396
640,640,GooglePay,1402.35,success,TXN-416089,2025-04-18 20:43:35.846396
641,641,ApplePay,1698.47,success,TXN-899217,2025-07-21 12:46:04.846396
642,642,Stripe,330.31,success,TXN-223320,2025-05-31 13:21:35.846396
643,643,PayPal,313.99,success,TXN-616329,2024-12-23 06:59:15.846396
644,644,PayPal,1173.32,success,TXN-451168,2025-04-07 07:22:40.846396
645,645,Square,1225.11,success,TXN-685487,2025-05-15 08:23:35.846396
646,646,PayPal,488.99,success,TXN-099861,2025-03-13 16:19:56.846396
647,647,Square,1219.17,success,TXN-622999,2025-08-11 23:27:47.846396
648,648,GooglePay,955.68,success,TXN-119148,2025-10-11 00:33:00.846396
649,649,PayPal,270.11,success,TXN-564679,2025-08-06 19:31:18.846396
650,650,PayPal,121.31,success,TXN-970246,2025-11-07 21:02:18.846396
651,651,GooglePay,328.61,success,TXN-299606,2025-06-08 00:24:44.846396
652,652,Stripe,522.47,success,TXN-530745,2025-07-22 15:42:40.846396
653,653,Stripe,575.37,pending,TXN-054447,2025-08-25 13:07:04.846396
654,654,GooglePay,897.72,success,TXN-132475,2025-03-19 22:19:09.846396
655,655,GooglePay,174.04,success,TXN-469137,2025-03-27 19:21:20.846396
656,656,Stripe,825.35,success,TXN-367850,2025-01-02 16:30:30.846396
657,657,GooglePay,1089.52,success,TXN-821486,2025-04-17 01:39:03.846396
658,658,ApplePay,478.31,success,TXN-289023,2025-06-27 22:04:31.846396
659,659,ApplePay,1136.04,success,TXN-303070,2025-01-25 21:55:35.846396
660,660,Stripe,230.35,success,TXN-534578,2025-04-23 16:15:02.846396
661,661,ApplePay,46.33,success,TXN-610357,2025-07-27 12:37:57.846396
662,662,GooglePay,360.98,success,TXN-972798,2024-11-24 01:34:25.846396
663,663,Square,1177.03,success,TXN-552414,2025-03-14 14:17:56.846396
664,664,ApplePay,966.76,success,TXN-060293,2024-11-13 13:05:44.846396
665,665,GooglePay,910.61,success,TXN-333468,2025-05-17 09:47:55.846396
666,666,PayPal,1268.23,success,TXN-007229,2025-03-19 13:34:49.846396
667,667,ApplePay,796.24,success,TXN-034944,2025-06-21 15:32:21.846396
668,668,Stripe,466.66,success,TXN-665743,2025-07-01 12:41:38.846396
669,669,GooglePay,540.02,success,TXN-748969,2025-05-28 04:54:49.846396
670,670,Square,600.54,failed,TXN-108589,2025-02-04 23:44:13.846396
671,671,Square,162.02,success,TXN-944171,2025-06-22 16:15:42.846396
672,672,ApplePay,2028.12,refunded,TXN-545444,2025-03-13 10:25:01.846396
673,673,ApplePay,1397.4,failed,TXN-328309,2025-07-10 13:04:13.846396
674,674,Stripe,621.24,success,TXN-652074,2025-06-09 18:06:44.846396
675,675,GooglePay,1090.04,success,TXN-466609,2025-08-11 11:33:40.846396
676,676,PayPal,328.82,success,TXN-935387,2025-07-12 23:22:34.846396
677,677,Stripe,479.32,success,TXN-584282,2025-03-26 17:23:49.846396
678,678,ApplePay,1252.46,success,TXN-417248,2024-11-21 21:04:43.846396
679,679,Stripe,208.12,success,TXN-251353,2025-09-02 19:19:29.846396
680,680,Square,509.85,success,TXN-465549,2025-03-10 20:33:15.846396
681,681,Stripe,93.74,success,TXN-471709,2025-05-25 23:46:05.846396
682,682,GooglePay,984.95,success,TXN-991738,2025-04-19 23:54:47.846396
683,683,Square,826.14,success,TXN-168460,2025-05-08 07:31:04.846396
684,684,ApplePay,1002.13,success,TXN-223569,2025-07-18 06:35:18.846396
685,685,GooglePay,1353.87,success,TXN-725217,2024-12-22 12:53:43.846396
686,686,PayPal,921.34,refunded,TXN-525007,2025-08-04 04:15:11.846396
687,687,Square,1313.6,success,TXN-432927,2025-01-12 23:15:24.846396
688,688,GooglePay,37.99,failed,TXN-129666,2024-11-17 16:13:41.846396
689,689,PayPal,92.37,success,TXN-676008,2025-05-12 13:29:27.846396
690,690,GooglePay,1510.3,pending,TXN-350583,2025-04-27 21:50:13.846396
691,691,PayPal,177.12,success,TXN-003354,2025-06-19 10:07:30.846396
692,692,GooglePay,1721.85,success,TXN-216894,2025-08-23 09:11:41.846396
693,693,GooglePay,1088.03,success,TXN-210447,2025-02-06 00:37:36.846396
694,694,Square,738.73,success,TXN-898562,2024-11-09 07:42:23.846396
695,695,Square,1752.86,success,TXN-575326,2025-09-12 22:26:10.846396
696,696,GooglePay,1340.96,success,TXN-033230,2025-01-01 04:54:56.846396
697,697,GooglePay,24.34,success,TXN-982150,2025-03-07 23:28:38.846396
698,698,Square,423.58,success,TXN-648909,2025-11-04 10:07:09.846396
699,699,ApplePay,541.51,success,TXN-010016,2025-03-23 18:29:04.846396
700,700,Stripe,2130.74,success,TXN-761847,2025-01-01 10:53:48.846396
701,701,GooglePay,2127.1,success,TXN-230461,2025-06-10 16:54:23.846396
702,702,Stripe,1505.74,success,TXN-849926,2025-08-13 00:30:58.846396
703,703,GooglePay,768.61,success,TXN-189141,2025-10-25 19:03:48.846396
704,704,ApplePay,568.39,success,TXN-173934,2025-04-07 11:34:52.846396
705,705,PayPal,1034.84,pending,TXN-835642,2025-05-02 17:02:37.846396
706,706,Stripe,511.85,success,TXN-087375,2025-08-14 14:14:24.846396
707,707,Square,1405.92,success,TXN-300119,2025-11-02 11:58:43.846396
708,708,PayPal,297.19,success,TXN-721811,2025-01-27 12:48:00.846396
709,709,ApplePay,421.74,failed,TXN-437447,2025-06-06 07:01:29.846396
710,710,Stripe,778.07,success,TXN-012045,2025-04-01 21:40:41.846396
711,711,PayPal,359.87,success,TXN-561100,2025-08-28 06:51:46.846396
712,712,ApplePay,667.23,success,TXN-225579,2024-11-09 02:25:08.846396
713,713,PayPal,699.39,success,TXN-415521,2025-09-12 04:20:18.846396
714,714,Square,674.24,success,TXN-667467,2025-02-04 10:05:09.846396
715,715,Square,1414.34,success,TXN-621202,2025-04-13 01:19:17.846396
716,716,PayPal,2061.09,success,TXN-169797,2024-12-24 10:13:11.846396
717,717,PayPal,1001.72,failed,TXN-296590,2025-05-22 00:17:59.846396
718,718,Square,952.3,success,TXN-277167,2025-06-22 03:46:57.846396
719,719,ApplePay,1106.69,success,TXN-014508,2024-12-08 16:21:09.846396
720,720,GooglePay,53.34,failed,TXN-993588,2025-05-04 06:33:49.846396
721,721,Square,197.49,success,TXN-916375,2024-12-10 00:56:39.846396
722,722,GooglePay,909.13,success,TXN-628900,2025-07-09 07:42:07.846396
723,723,Square,1256.09,refunded,TXN-287721,2025-05-27 12:06:52.846396
724,724,Square,830.39,pending,TXN-753540,2025-10-21 09:26:01.846396
725,725,Stripe,343.21,success,TXN-838663,2025-01-31 18:33:53.846396
726,726,Square,867.36,success,TXN-177971,2024-12-17 02:42:08.846396
727,727,PayPal,162.56,success,TXN-775170,2025-04-19 13:17:24.846396
728,728,GooglePay,1102.32,success,TXN-166088,2025-08-15 22:43:27.846396
729,729,Stripe,643.49,success,TXN-019948,2025-11-02 09:32:06.846396
730,730,PayPal,556.4,success,TXN-837550,2025-06-08 16:17:54.846396
731,731,GooglePay,591.16,success,TXN-375899,2024-12-27 14:41:46.846396
732,732,Stripe,255.28,success,TXN-757113,2025-05-03 01:48:37.846396
733,733,ApplePay,1867.2,success,TXN-055488,2025-08-26 09:01:18.846396
734,734,Stripe,445.92,refunded,TXN-510272,2025-05-31 16:05:16.846396
735,735,ApplePay,1315.29,success,TXN-614933,2025-05-31 12:15:44.846396
736,736,ApplePay,235.27,success,TXN-163735,2024-12-03 04:09:08.846396
737,737,Square,1186.46,success,TXN-160917,2025-04-10 22:10:17.846396
738,738,Stripe,455.71,success,TXN-798270,2024-12-26 19:08:59.846396
739,739,GooglePay,1255.41,success,TXN-808697,2025-04-19 20:39:34.846396
740,740,PayPal,910.01,success,TXN-829221,2024-12-21 17:41:34.846396
741,741,Stripe,738.24,refunded,TXN-699586,2025-07-14 05:39:19.846396
742,742,ApplePay,1158.99,success,TXN-693465,2024-12-11 22:10:40.846396
743,743,Square,1107.97,failed,TXN-472269,2025-08-02 07:33:18.846396
744,744,Square,1227.29,success,TXN-848583,2024-12-05 19:56:02.846396
745,745,Square,501.89,success,TXN-339452,2025-11-03 18:05:58.846396
746,746,GooglePay,533.12,success,TXN-288515,2025-05-29 09:59:05.846396
747,747,GooglePay,1897.57,success,TXN-879968,2025-07-15 08:28:43.846396
748,748,Stripe,493.75,success,TXN-460810,2025-08-17 23:35:04.846396
749,749,ApplePay,90.96,success,TXN-620034,2025-10-26 14:08:28.846396
750,750,PayPal,1257.93,pending,TXN-244204,2025-01-30 07:41:08.846396
751,751,Square,150.8,success,TXN-380571,2025-10-18 18:22:37.846396
752,752,PayPal,238.47,success,TXN-983863,2025-10-23 11:10:27.846396
753,753,ApplePay,179.44,success,TXN-840666,2025-09-11 11:09:30.846396
754,754,Square,507.08,success,TXN-580043,2025-11-08 10:15:06.846396
755,755,Stripe,651.82,success,TXN-973598,2025-06-29 20:01:30.846396
756,756,ApplePay,500.01,success,TXN-933472,2025-07-31 09:33:18.846396
757,757,Stripe,802.33,success,TXN-122816,2025-07-26 00:28:32.846396
758,758,ApplePay,2008.63,success,TXN-064842,2025-04-08 14:47:10.846396
759,759,Square,329.09,success,TXN-294057,2025-10-01 22:41:17.846396
760,760,Stripe,95.77,success,TXN-202590,2025-10-06 21:43:44.846396
761,761,PayPal,358.42,success,TXN-947985,2024-12-06 08:41:48.846396
762,762,ApplePay,2411.52,success,TXN-158328,2024-11-21 10:42:45.846396
763,763,GooglePay,471.26,failed,TXN-182688,2025-06-04 00:59:12.846396
764,764,Square,995.33,success,TXN-615335,2025-08-27 17:45:53.846396
765,765,Square,1691.49,success,TXN-554398,2025-09-29 04:10:16.846396
766,766,PayPal,564.02,refunded,TXN-780157,2025-02-03 10:47:35.846396
767,767,PayPal,512.04,success,TXN-399305,2025-07-07 15:30:30.846396
768,768,Square,218.29,success,TXN-616484,2025-02-09 23:04:13.846396
769,769,ApplePay,1357.99,success,TXN-085887,2025-03-02 22:01:51.846396
770,770,PayPal,75.8,success,TXN-704358,2025-09-03 21:33:22.846396
771,771,GooglePay,510.69,failed,TXN-112880,2025-09-27 08:05:51.846396
772,772,GooglePay,219.06,success,TXN-133613,2025-02-16 05:04:19.846396
773,773,Square,1617.58,success,TXN-861207,2025-06-07 12:49:07.846396
774,774,Stripe,617.06,success,TXN-501102,2025-06-06 07:34:53.846396
775,775,GooglePay,1088.01,success,TXN-481934,2025-02-08 13:47:33.846396
776,776,PayPal,1126.22,success,TXN-667665,2025-04-18 09:57:06.846396
777,777,ApplePay,1710.55,success,TXN-061809,2025-02-21 16:59:20.846396
778,778,GooglePay,2330.58,success,TXN-190158,2025-01-14 09:13:22.846396
779,779,ApplePay,237.34,success,TXN-144914,2025-07-10 00:48:23.846396
780,780,PayPal,1528.48,success,TXN-766072,2025-05-17 11:21:46.846396
781,781,GooglePay,395.45,success,TXN-832684,2025-10-19 11:00:01.846396
782,782,Square,1347.52,success,TXN-245088,2025-05-02 22:12:47.846396
783,783,Square,935.48,success,TXN-210099,2025-09-05 21:59:44.846396
784,784,PayPal,440.09,success,TXN-688143,2025-04-04 03:27:00.846396
785,785,ApplePay,1060.72,success,TXN-536822,2025-04-28 02:38:22.846396
786,786,GooglePay,158.13,refunded,TXN-239431,2025-05-08 17:42:38.846396
787,787,ApplePay,924.28,pending,TXN-290878,2025-03-01 15:37:38.846396
788,788,PayPal,573.47,success,TXN-141413,2025-02-02 15:20:04.846396
789,789,ApplePay,704.79,success,TXN-975523,2025-03-18 06:19:09.846396
790,790,ApplePay,1024.66,failed,TXN-149135,2025-10-11 14:47:11.846396
791,791,ApplePay,487.0,success,TXN-775949,2025-01-07 02:01:28.846396
792,792,GooglePay,763.92,success,TXN-299556,2025-03-17 04:07:21.846396
793,793,Stripe,611.17,success,TXN-205336,2025-10-26 09:47:57.846396
794,794,ApplePay,433.74,success,TXN-452577,2024-12-30 05:47:38.846396
795,795,PayPal,339.87,success,TXN-754781,2025-01-16 02:05:57.846396
796,796,Square,579.85,success,TXN-291428,2025-01-07 21:08:35.846396
797,797,GooglePay,1702.13,success,TXN-341108,2025-09-14 18:07:22.846396
798,798,PayPal,1744.82,success,TXN-099693,2025-11-03 01:46:08.846396
799,799,PayPal,1440.98,success,TXN-084887,2025-07-20 18:24:43.846396
800,800,Stripe,700.23,pending,TXN-256394,2024-11-09 11:18:52.846396
801,801,ApplePay,1688.37,success,TXN-278816,2025-10-15 04:50:24.846396
802,802,PayPal,316.4,success,TXN-580392,2024-12-27 20:10:01.846396
803,803,GooglePay,1231.64,pending,TXN-827229,2025-03-24 03:45:14.846396
804,804,Stripe,257.4,success,TXN-927503,2025-04-03 23:57:55.846396
805,805,ApplePay,1599.39,success,TXN-731453,2025-01-06 14:18:32.846396
806,806,PayPal,829.22,success,TXN-038567,2025-10-03 17:03:30.846396
807,807,PayPal,466.22,success,TXN-700518,2025-03-24 14:14:04.846396
808,808,PayPal,703.71,success,TXN-449892,2025-06-02 01:25:22.846396
809,809,GooglePay,860.64,success,TXN-665918,2025-07-11 02:12:19.846396
810,810,Square,694.36,success,TXN-463865,2025-10-28 12:59:07.846396
811,811,GooglePay,132.51,success,TXN-577908,2025-07-13 07:33:53.846396
812,812,Square,1190.74,success,TXN-272318,2025-05-21 23:54:23.846396
813,813,PayPal,406.59,success,TXN-432225,2025-01-13 04:26:19.846396
814,814,GooglePay,1100.19,success,TXN-913651,2024-11-30 13:09:22.846396
815,815,ApplePay,549.45,success,TXN-777392,2025-10-21 05:57:29.846396
816,816,ApplePay,1888.13,success,TXN-603029,2025-03-01 23:10:02.846396
817,817,ApplePay,382.41,success,TXN-922809,2025-09-20 14:19:04.846396
818,818,ApplePay,782.6,success,TXN-202428,2025-10-12 10:12:11.846396
819,819,Square,916.55,failed,TXN-699041,2024-12-03 11:16:27.846396
820,820,ApplePay,1493.41,failed,TXN-379772,2025-07-19 16:52:20.846396
821,821,ApplePay,701.48,refunded,TXN-369292,2025-04-26 20:58:39.846396
822,822,GooglePay,260.66,success,TXN-984257,2025-10-02 00:38:09.846396
823,823,Square,970.74,success,TXN-991366,2025-06-24 07:42:49.846396
824,824,Stripe,1042.17,failed,TXN-210388,2025-04-17 15:10:20.846396
825,825,Stripe,1364.28,success,TXN-629127,2025-06-05 12:09:17.846396
826,826,Stripe,423.7,success,TXN-990881,2025-09-14 09:23:23.846396
827,827,GooglePay,788.74,success,TXN-172980,2025-02-20 10:41:00.846396
828,828,PayPal,385.63,success,TXN-686508,2024-12-05 18:57:59.846396
829,829,GooglePay,65.37,success,TXN-637659,2025-09-10 04:04:35.846396
830,830,Square,45.04,success,TXN-916247,2025-01-03 14:23:52.846396
831,831,PayPal,715.16,failed,TXN-314986,2025-05-09 09:55:16.846396
832,832,Stripe,631.03,success,TXN-430098,2025-11-01 14:43:16.846396
833,833,PayPal,1024.36,success,TXN-180635,2025-06-05 14:44:40.846396
834,834,PayPal,2718.62,success,TXN-651269,2025-01-07 01:09:18.846396
835,835,GooglePay,304.65,success,TXN-448695,2025-04-29 14:46:26.846396
836,836,ApplePay,137.07,success,TXN-946368,2025-09-05 15:20:11.846396
837,837,Square,679.67,success,TXN-872588,2025-07-23 15:45:08.846396
838,838,GooglePay,1873.67,failed,TXN-744956,2024-12-02 06:59:33.846396
839,839,Stripe,732.37,success,TXN-213721,2025-02-07 07:54:53.846396
840,840,ApplePay,335.66,success,TXN-386589,2025-10-10 08:42:55.846396
841,841,PayPal,276.11,success,TXN-026012,2025-06-10 09:01:23.846396
842,842,Stripe,1197.08,success,TXN-796114,2025-04-30 21:33:38.846396
843,843,PayPal,276.77,pending,TXN-351906,2025-09-13 05:30:08.846396
844,844,GooglePay,316.16,success,TXN-698490,2025-08-18 09:52:54.846396
845,845,Square,963.8,success,TXN-277038,2025-11-07 21:25:47.846396
846,846,PayPal,826.84,success,TXN-430988,2025-11-05 10:31:09.846396
847,847,ApplePay,351.88,success,TXN-392053,2025-09-30 22:35:16.846396
848,848,Square,1418.56,success,TXN-021465,2025-07-11 08:04:10.846396
849,849,ApplePay,619.02,success,TXN-669380,2025-08-08 21:15:38.846396
850,850,Square,1042.09,success,TXN-118489,2024-11-21 00:43:02.846396
851,851,GooglePay,2665.2,success,TXN-554393,2025-02-18 20:34:14.846396
852,852,Stripe,937.07,success,TXN-769042,2025-01-19 13:06:31.846396
853,853,Stripe,74.13,success,TXN-681818,2024-11-23 23:54:34.846396
854,854,PayPal,1389.89,success,TXN-451848,2025-08-20 19:01:01.846396
855,855,Stripe,935.0,success,TXN-947697,2025-07-25 21:19:22.846396
856,856,PayPal,1242.31,success,TXN-357790,2025-06-08 22:14:01.846396
857,857,Stripe,1431.4,success,TXN-714163,2025-03-16 18:14:40.846396
858,858,GooglePay,729.64,failed,TXN-356588,2025-11-04 10:25:47.846396
859,859,ApplePay,2591.67,pending,TXN-043416,2025-09-12 18:00:12.846396
860,860,GooglePay,639.7,success,TXN-518275,2025-02-04 13:33:41.846396
861,861,GooglePay,463.34,success,TXN-539423,2025-01-09 00:35:01.846396
862,862,Square,723.67,pending,TXN-733343,2025-03-23 15:35:09.846396
863,863,ApplePay,1562.81,success,TXN-333952,2025-04-25 03:49:43.846396
864,864,Stripe,867.56,failed,TXN-111790,2025-04-23 08:34:55.846396
865,865,PayPal,770.58,success,TXN-807595,2025-07-18 07:42:02.846396
866,866,GooglePay,1713.9,success,TXN-794728,2025-04-19 05:58:45.846396
867,867,Square,799.8,success,TXN-463920,2025-07-22 16:39:10.846396
868,868,Square,1125.84,refunded,TXN-867808,2024-12-24 23:34:17.846396
869,869,GooglePay,135.81,success,TXN-562718,2025-04-26 23:59:11.846396
870,870,PayPal,1104.28,success,TXN-750036,2025-07-08 07:17:16.846396
871,871,Stripe,376.92,success,TXN-915594,2025-05-04 03:04:35.846396
872,872,ApplePay,443.89,success,TXN-284347,2024-11-26 22:32:06.846396
873,873,Stripe,918.7,success,TXN-955276,2025-08-09 21:08:51.846396
874,874,ApplePay,285.7,success,TXN-365564,2025-07-27 03:04:21.846396
875,875,Square,730.1,success,TXN-729293,2025-02-12 22:30:45.846396
876,876,GooglePay,117.62,failed,TXN-143866,2025-08-09 06:15:49.846396
877,877,PayPal,246.77,failed,TXN-322702,2025-09-26 18:36:42.846396
878,878,GooglePay,1457.27,success,TXN-672885,2025-08-09 02:41:48.846396
879,879,Stripe,1792.68,success,TXN-744890,2025-01-24 11:42:54.846396
880,880,GooglePay,1423.69,success,TXN-612034,2024-12-13 12:49:34.846396
881,881,PayPal,54.89,failed,TXN-717545,2025-08-28 19:08:18.846396
882,882,Stripe,796.5,refunded,TXN-588450,2025-09-27 01:34:32.846396
883,883,PayPal,1200.48,success,TXN-615939,2025-10-18 15:09:27.846396
884,884,ApplePay,548.55,failed,TXN-982455,2025-09-19 13:09:09.846396
885,885,PayPal,554.36,success,TXN-877169,2024-12-15 23:52:25.846396
886,886,ApplePay,774.55,success,TXN-472256,2025-04-12 08:56:04.846396
887,887,Square,1375.34,success,TXN-996112,2025-05-29 11:58:20.846396
888,888,PayPal,520.58,success,TXN-535544,2025-01-17 01:05:09.846396
889,889,Stripe,967.26,success,TXN-964759,2025-04-09 10:26:27.846396
890,890,Stripe,376.19,success,TXN-876220,2025-01-17 15:20:13.846396
891,891,Stripe,145.71,success,TXN-234132,2025-05-29 06:24:26.846396
892,892,GooglePay,842.0,success,TXN-611178,2025-05-02 18:33:33.846396
893,893,Stripe,1539.19,success,TXN-006811,2025-02-09 18:53:20.846396
894,894,ApplePay,1292.43,success,TXN-492164,2025-02-09 07:30:17.846396
895,895,ApplePay,1429.73,success,TXN-334722,2025-08-16 13:30:48.846396
896,896,GooglePay,318.48,success,TXN-820055,2025-02-16 07:59:20.846396
897,897,GooglePay,767.61,success,TXN-778487,2025-10-16 10:42:55.846396
898,898,Stripe,188.89,success,TXN-282997,2024-12-11 17:53:43.846396
899,899,ApplePay,91.1,success,TXN-968845,2025-09-19 21:58:46.846396
900,900,PayPal,1333.94,success,TXN-783174,2025-08-25 00:07:15.846396
901,901,Square,844.45,success,TXN-564240,2025-04-15 19:48:47.846396
902,902,Square,389.62,success,TXN-082547,2025-01-14 22:55:19.846396
903,903,Stripe,1073.12,success,TXN-807740,2025-04-12 04:34:49.846396
904,904,ApplePay,177.02,success,TXN-649308,2025-09-14 13:50:05.846396
905,905,GooglePay,386.66,success,TXN-536866,2025-03-21 09:39:53.846396
906,906,Stripe,535.75,success,TXN-326634,2025-09-25 11:59:09.846396
907,907,GooglePay,738.04,success,TXN-163894,2025-02-23 12:11:05.846396
908,908,ApplePay,141.77,pending,TXN-484631,2025-07-07 10:39:30.846396
909,909,ApplePay,1010.69,success,TXN-224179,2025-09-05 21:26:42.846396
910,910,GooglePay,1378.06,failed,TXN-749735,2024-12-23 01:17:48.846396
911,911,GooglePay,214.85,success,TXN-020802,2025-03-11 09:12:23.846396
912,912,ApplePay,816.14,success,TXN-144270,2025-06-23 16:38:50.846396
913,913,Square,1347.14,success,TXN-312073,2025-01-20 04:27:14.846396
914,914,Stripe,697.16,success,TXN-564757,2025-03-05 13:08:20.846396
915,915,ApplePay,1246.87,success,TXN-051204,2025-10-14 18:22:43.846396
916,916,Square,1963.15,success,TXN-618723,2025-06-26 12:32:27.846396
917,917,ApplePay,385.57,success,TXN-460136,2025-07-31 09:55:03.846396
918,918,ApplePay,230.74,success,TXN-730371,2025-08-25 17:10:47.846396
919,919,Stripe,127.71,failed,TXN-837645,2025-10-07 13:41:03.846396
920,920,GooglePay,78.73,success,TXN-208814,2025-07-30 01:37:35.846396
921,921,ApplePay,911.84,success,TXN-743503,2025-09-13 11:05:25.846396
922,922,GooglePay,890.83,success,TXN-136502,2025-03-04 13:39:25.846396
923,923,GooglePay,752.8,failed,TXN-491630,2025-02-09 16:34:46.846396
924,924,ApplePay,948.92,success,TXN-097925,2025-10-11 19:14:12.846396
925,925,Square,461.49,success,TXN-132719,2025-07-13 04:17:00.846396
926,926,ApplePay,1412.49,refunded,TXN-500528,2025-10-04 01:48:38.846396
927,927,Square,1109.66,success,TXN-127358,2025-08-28 08:25:01.846396
928,928,Square,2072.3,success,TXN-573065,2024-11-29 07:41:09.846396
929,929,PayPal,147.07,success,TXN-240778,2025-02-09 05:39:38.846396
930,930,PayPal,1002.84,success,TXN-487392,2024-11-17 21:10:13.846396
931,931,Stripe,46.39,refunded,TXN-855749,2025-07-07 04:23:14.846396
932,932,PayPal,614.73,success,TXN-821827,2025-01-20 08:03:49.846396
933,933,Stripe,773.89,success,TXN-448570,2025-03-22 16:57:24.846396
934,934,ApplePay,1420.82,success,TXN-862095,2025-09-05 13:21:24.846396
935,935,PayPal,26.12,success,TXN-935186,2024-12-31 11:27:11.846396
936,936,ApplePay,1046.49,success,TXN-387829,2025-06-08 16:17:44.846396
937,937,ApplePay,1282.76,refunded,TXN-456511,2025-09-18 08:41:19.846396
938,938,GooglePay,733.24,success,TXN-810220,2024-12-26 04:24:29.846396
939,939,ApplePay,532.57,success,TXN-317310,2024-11-08 10:29:17.846396
940,940,GooglePay,913.37,success,TXN-967899,2024-11-29 06:08:25.846396
941,941,Stripe,215.18,success,TXN-405391,2025-05-07 08:17:48.846396
942,942,Square,504.78,success,TXN-037170,2025-01-15 20:07:01.846396
943,943,Stripe,1246.1,success,TXN-586509,2025-09-11 06:38:48.846396
944,944,ApplePay,1009.19,refunded,TXN-480141,2025-11-05 11:06:33.846396
945,945,ApplePay,993.25,success,TXN-381138,2024-11-10 00:30:16.846396
946,946,Square,71.47,success,TXN-633839,2025-06-06 00:02:24.846396
947,947,GooglePay,318.49,success,TXN-288619,2025-09-03 20:05:05.846396
948,948,GooglePay,1479.33,success,TXN-576122,2025-05-14 09:07:41.846396
949,949,ApplePay,606.87,success,TXN-868528,2025-08-18 07:09:01.846396
950,950,GooglePay,1039.63,success,TXN-975585,2025-08-18 04:27:48.846396
951,951,Square,1394.18,refunded,TXN-566593,2025-11-04 01:20:44.846396
952,952,Stripe,1369.41,success,TXN-983684,2025-03-04 03:06:37.846396
953,953,Stripe,112.42,success,TXN-577600,2025-07-27 01:26:03.846396
954,954,PayPal,919.52,success,TXN-490824,2025-10-23 12:44:43.846396
955,955,ApplePay,661.65,success,TXN-043350,2024-12-24 16:08:29.846396
956,956,ApplePay,1048.72,success,TXN-488899,2024-12-08 20:25:44.846396
957,957,ApplePay,1094.54,success,TXN-210752,2024-11-27 00:50:35.846396
958,958,Square,1988.02,success,TXN-245933,2025-04-02 08:36:12.846396
959,959,Stripe,1357.95,pending,TXN-441969,2025-06-19 11:14:24.846396
960,960,Stripe,337.26,success,TXN-315727,2024-11-24 08:40:40.846396
961,961,PayPal,1251.91,success,TXN-919409,2025-09-18 17:01:15.846396
962,962,PayPal,1487.86,success,TXN-610556,2025-10-08 10:51:38.846396
963,963,ApplePay,74.34,success,TXN-613906,2025-05-07 01:14:13.846396
964,964,PayPal,1236.57,success,TXN-048058,2024-11-15 13:20:54.846396
965,965,ApplePay,215.79,success,TXN-925832,2025-08-22 08:04:27.846396
966,966,GooglePay,148.38,failed,TXN-067998,2025-09-13 17:55:57.846396
967,967,GooglePay,795.45,success,TXN-136462,2025-03-19 17:13:23.846396
968,968,PayPal,542.39,success,TXN-251790,2024-12-16 05:10:12.846396
969,969,Stripe,681.87,success,TXN-864168,2025-03-20 06:26:05.846396
970,970,PayPal,535.16,success,TXN-622783,2025-05-19 07:21:16.846396
971,971,ApplePay,252.31,success,TXN-769389,2025-10-23 03:37:28.846396
972,972,ApplePay,1632.55,success,TXN-833146,2025-03-20 13:18:35.846396
973,973,Square,724.79,success,TXN-591166,2025-03-05 22:20:44.846396
974,974,ApplePay,1068.19,success,TXN-553559,2024-11-11 20:26:18.846396
975,975,Square,1068.84,success,TXN-042597,2025-10-18 23:18:06.846396
976,976,PayPal,1214.85,success,TXN-927033,2025-04-17 23:43:19.846396
977,977,Square,705.53,failed,TXN-521103,2025-10-23 17:46:26.846396
978,978,Stripe,775.97,success,TXN-924051,2025-03-10 20:30:48.846396
979,979,Stripe,1242.11,success,TXN-477053,2025-09-18 23:48:46.846396
980,980,PayPal,1347.7,success,TXN-833884,2025-10-19 04:47:15.846396
981,981,GooglePay,1637.23,success,TXN-879206,2025-07-13 00:21:54.846396
982,982,PayPal,1230.85,success,TXN-980420,2025-03-28 04:43:11.846396
983,983,PayPal,827.59,success,TXN-439407,2025-03-02 07:50:45.846396
984,984,PayPal,161.0,success,TXN-016451,2025-07-10 06:32:20.846396
985,985,Square,501.55,success,TXN-046368,2025-10-24 17:12:52.846396
986,986,ApplePay,509.11,success,TXN-157981,2025-06-30 22:20:34.846396
987,987,Stripe,222.06,success,TXN-238780,2025-02-22 00:39:53.846396
988,988,ApplePay,110.29,refunded,TXN-038457,2025-09-17 20:18:20.846396
989,989,ApplePay,109.46,success,TXN-620555,2025-03-25 04:00:41.846396
990,990,ApplePay,1698.15,success,TXN-438404,2025-07-21 02:17:08.846396
991,991,ApplePay,1645.28,success,TXN-608432,2025-05-14 01:26:07.846396
992,992,Stripe,418.33,success,TXN-562168,2025-01-13 07:49:04.846396
993,993,Square,210.7,pending,TXN-936392,2025-03-24 19:26:08.846396
994,994,GooglePay,1111.31,success,TXN-649578,2025-01-20 16:17:42.846396
995,995,GooglePay,1293.73,success,TXN-232983,2025-07-20 15:44:46.846396
996,996,GooglePay,1517.35,success,TXN-248262,2025-04-19 04:34:03.846396
997,997,Stripe,934.27,success,TXN-925188,2024-12-03 01:21:20.846396
998,998,Square,1175.17,success,TXN-125205,2025-03-17 04:12:01.846396
999,999,ApplePay,1333.27,success,TXN-664742,2025-04-27 20:18:29.846396
1000,1000,Stripe,238.22,success,TXN-312209,2025-03-19 23:22:48.846396
