shipment_id,order_id,carrier,tracking_number,shipped_date,delivered_date
1,1,DHL,TRACK-10433,2025-10-05 14:54:13.846396,2025-10-08 14:54:13.846396
2,2,FedEx,TRACK-21819,2025-01-18 14:34:55.846396,2025-01-19 14:34:55.846396
3,3,FedEx,TRACK-60013,2025-06-15 12:00:26.846396,2025-06-16 12:00:26.846396
4,4,FedEx,TRACK-38908,2025-07-25 08:46:08.846396,2025-07-30 08:46:08.846396
5,5,USPS,TRACK-38637,2025-10-10 06:41:27.846396,2025-10-15 06:41:27.846396
6,6,FedEx,TRACK-94026,2025-03-30 11:05:12.846396,2025-04-02 11:05:12.846396
7,7,UPS,TRACK-54235,2025-01-31 18:41:22.846396,2025-02-04 18:41:22.846396
8,8,FedEx,TRACK-11615,2024-12-28 23:55:13.846396,2024-12-31 23:55:13.846396
9,9,UPS,TRACK-59407,2025-07-01 06:22:25.846396,2025-07-04 06:22:25.846396
10,10,USPS,TRACK-81618,2025-04-11 09:44:18.846396,2025-04-12 09:44:18.846396
11,11,FedEx,TRACK-49593,2025-11-06 13:22:57.846396,2025-11-10 13:22:57.846396
12,12,UPS,TRACK-10341,2025-03-10 14:31:39.846396,2025-03-15 14:31:39.846396
13,13,FedEx,TRACK-31647,2025-05-16 16:46:20.846396,2025-05-17 16:46:20.846396
14,14,FedEx,TRACK-52553,2025-03-29 10:26:40.846396,2025-04-01 10:26:40.846396
15,15,USPS,TRACK-41928,2025-08-13 19:45:48.846396,2025-08-14 19:45:48.846396
16,16,DHL,TRACK-32764,2025-10-03 07:07:41.846396,2025-10-06 07:07:41.846396
17,17,FedEx,TRACK-83503,2024-11-25 22:20:08.846396,2024-11-28 22:20:08.846396
18,18,DHL,TRACK-05641,2025-08-28 22:18:26.846396,2025-09-02 22:18:26.846396
19,19,DHL,TRACK-39537,2025-06-30 16:03:07.846396,2025-07-03 16:03:07.846396
20,20,DHL,TRACK-67242,2025-08-27 06:28:25.846396,2025-08-28 06:28:25.846396
21,21,UPS,TRACK-38849,2025-06-06 00:01:48.846396,
22,22,UPS,TRACK-69653,2024-12-26 12:33:56.846396,2024-12-28 12:33:56.846396
23,23,USPS,TRACK-28710,2025-10-23 02:13:14.846396,2025-10-27 02:13:14.846396
24,24,UPS,TRACK-12269,2025-09-10 03:53:29.846396,2025-09-12 03:53:29.846396
25,25,USPS,TRACK-16697,2025-10-26 15:01:15.846396,2025-10-31 15:01:15.846396
26,26,USPS,TRACK-84801,2025-05-02 14:54:42.846396,2025-05-04 14:54:42.846396
27,27,DHL,TRACK-84514,2024-11-08 20:26:23.846396,2024-11-09 20:26:23.846396
28,28,FedEx,TRACK-62704,2025-09-28 21:42:58.846396,2025-10-02 21:42:58.846396
29,29,UPS,TRACK-82814,2025-01-28 00:27:50.846396,2025-02-01 00:27:50.846396
30,30,FedEx,TRACK-89325,2025-09-13 22:39:08.846396,2025-09-14 22:39:08.846396
31,31,UPS,TRACK-28809,2025-04-18 19:34:06.846396,2025-04-21 19:34:06.846396
32,32,USPS,TRACK-57015,2024-12-21 04:32:40.846396,2024-12-23 04:32:40.846396
33,33,DHL,TRACK-43039,2025-10-11 04:09:17.846396,2025-10-14 04:09:17.846396
34,34,DHL,TRACK-11718,2025-09-18 02:15:22.846396,2025-09-21 02:15:22.846396
35,35,FedEx,TRACK-22782,2025-02-18 22:11:58.846396,2025-02-20 22:11:58.846396
36,36,FedEx,TRACK-48963,2025-06-30 15:15:21.846396,2025-07-01 15:15:21.846396
37,37,DHL,TRACK-83465,2024-11-20 08:16:11.846396,2024-11-23 08:16:11.846396
38,38,FedEx,TRACK-78713,2024-11-10 13:26:06.846396,2024-11-15 13:26:06.846396
39,39,DHL,TRACK-31509,2024-11-23 22:52:50.846396,2024-11-24 22:52:50.846396
40,40,DHL,TRACK-83930,2025-10-17 04:31:25.846396,2025-10-22 04:31:25.846396
41,41,USPS,TRACK-10310,2025-08-29 07:49:46.846396,2025-09-03 07:49:46.846396
42,42,UPS,TRACK-51834,2025-02-13 14:17:04.846396,2025-02-15 14:17:04.846396
43,43,USPS,TRACK-73829,2025-06-09 03:51:14.846396,2025-06-12 03:51:14.846396
44,44,DHL,TRACK-97376,2025-10-07 14:26:00.846396,2025-10-09 14:26:00.846396
45,45,DHL,TRACK-31165,2025-01-01 19:54:12.846396,2025-01-06 19:54:12.846396
46,46,FedEx,TRACK-66701,2025-01-22 02:12:37.846396,2025-01-23 02:12:37.846396
47,47,FedEx,TRACK-06513,2024-12-17 02:59:03.846396,
48,48,DHL,TRACK-33872,2025-08-16 11:23:15.846396,2025-08-21 11:23:15.846396
49,49,DHL,TRACK-62473,2025-07-16 04:22:33.846396,2025-07-18 04:22:33.846396
50,50,USPS,TRACK-17810,2025-05-25 10:55:43.846396,2025-05-30 10:55:43.846396
51,51,DHL,TRACK-80132,2025-06-13 07:05:06.846396,2025-06-17 07:05:06.846396
52,52,USPS,TRACK-67736,2025-04-07 18:46:35.846396,
53,53,FedEx,TRACK-02606,2024-12-10 22:16:05.846396,2024-12-14 22:16:05.846396
54,54,FedEx,TRACK-47468,2025-07-28 06:11:16.846396,2025-07-29 06:11:16.846396
55,55,DHL,TRACK-72343,2025-02-13 13:20:42.846396,2025-02-14 13:20:42.846396
56,56,DHL,TRACK-09805,2025-06-02 15:12:54.846396,2025-06-06 15:12:54.846396
57,57,DHL,TRACK-00978,2024-12-01 09:24:04.846396,2024-12-05 09:24:04.846396
58,58,FedEx,TRACK-82081,2025-08-30 05:53:03.846396,2025-09-03 05:53:03.846396
59,59,FedEx,TRACK-21913,2025-04-16 19:32:26.846396,2025-04-21 19:32:26.846396
60,60,DHL,TRACK-61939,2025-10-03 21:46:22.846396,2025-10-05 21:46:22.846396
61,61,USPS,TRACK-90916,2025-07-03 09:27:57.846396,2025-07-05 09:27:57.846396
62,62,USPS,TRACK-99854,2025-02-25 05:16:08.846396,2025-02-26 05:16:08.846396
63,63,UPS,TRACK-35346,2025-03-15 00:18:15.846396,2025-03-19 00:18:15.846396
64,64,USPS,TRACK-24751,2025-11-05 21:51:52.846396,2025-11-10 21:51:52.846396
65,65,FedEx,TRACK-07991,2025-08-18 21:45:01.846396,2025-08-20 21:45:01.846396
66,66,UPS,TRACK-18384,2025-01-09 14:44:50.846396,2025-01-10 14:44:50.846396
67,67,USPS,TRACK-25135,2025-04-01 08:52:17.846396,
68,68,DHL,TRACK-42784,2025-10-01 20:27:41.846396,2025-10-06 20:27:41.846396
69,69,DHL,TRACK-98084,2024-12-25 09:56:37.846396,2024-12-26 09:56:37.846396
70,70,USPS,TRACK-12411,2025-04-26 15:36:47.846396,2025-04-28 15:36:47.846396
71,71,DHL,TRACK-82449,2025-06-22 06:56:10.846396,2025-06-27 06:56:10.846396
72,72,FedEx,TRACK-35348,2025-01-07 13:35:23.846396,2025-01-12 13:35:23.846396
73,73,UPS,TRACK-74016,2025-05-19 08:03:31.846396,2025-05-24 08:03:31.846396
74,74,DHL,TRACK-40052,2024-11-30 22:04:25.846396,2024-12-03 22:04:25.846396
75,75,USPS,TRACK-42786,2025-10-24 19:56:07.846396,2025-10-27 19:56:07.846396
76,76,FedEx,TRACK-80112,2025-06-06 09:26:52.846396,2025-06-07 09:26:52.846396
77,77,FedEx,TRACK-80598,2025-02-09 01:51:41.846396,2025-02-14 01:51:41.846396
78,78,UPS,TRACK-26204,2025-06-05 19:53:08.846396,2025-06-10 19:53:08.846396
79,79,DHL,TRACK-50533,2025-05-22 12:15:36.846396,2025-05-23 12:15:36.846396
80,80,UPS,TRACK-15869,2025-05-07 21:57:42.846396,2025-05-11 21:57:42.846396
81,81,FedEx,TRACK-23226,2025-02-18 01:21:28.846396,2025-02-23 01:21:28.846396
82,82,FedEx,TRACK-02563,2025-05-11 10:12:21.846396,2025-05-14 10:12:21.846396
83,83,DHL,TRACK-42160,2025-04-26 11:51:18.846396,2025-04-27 11:51:18.846396
84,84,UPS,TRACK-73375,2025-03-24 12:14:35.846396,2025-03-26 12:14:35.846396
85,85,USPS,TRACK-43303,2025-04-18 02:44:20.846396,2025-04-21 02:44:20.846396
86,86,FedEx,TRACK-65414,2025-08-31 17:46:15.846396,2025-09-01 17:46:15.846396
87,87,FedEx,TRACK-58685,2024-11-13 05:46:47.846396,2024-11-16 05:46:47.846396
88,88,UPS,TRACK-01429,2024-12-12 22:52:20.846396,2024-12-14 22:52:20.846396
89,89,USPS,TRACK-40196,2025-04-11 05:18:50.846396,2025-04-16 05:18:50.846396
90,90,FedEx,TRACK-55698,2025-11-02 21:36:53.846396,
91,91,FedEx,TRACK-16934,2025-10-19 00:39:16.846396,2025-10-24 00:39:16.846396
92,92,DHL,TRACK-06088,2025-04-17 01:38:06.846396,2025-04-22 01:38:06.846396
93,93,UPS,TRACK-35615,2025-02-26 02:30:07.846396,2025-03-01 02:30:07.846396
94,94,UPS,TRACK-95148,2025-07-10 02:56:06.846396,2025-07-11 02:56:06.846396
95,95,UPS,TRACK-46564,2025-02-03 10:50:17.846396,2025-02-04 10:50:17.846396
96,96,DHL,TRACK-82366,2025-10-04 09:23:48.846396,2025-10-08 09:23:48.846396
97,97,USPS,TRACK-29946,2025-04-15 19:01:45.846396,2025-04-17 19:01:45.846396
98,98,USPS,TRACK-80443,2025-03-13 04:08:58.846396,2025-03-16 04:08:58.846396
99,99,UPS,TRACK-69957,2025-10-02 07:48:35.846396,2025-10-04 07:48:35.846396
100,100,USPS,TRACK-77387,2025-03-12 16:13:23.846396,2025-03-13 16:13:23.846396
101,101,USPS,TRACK-21489,2025-03-05 17:15:14.846396,
102,102,UPS,TRACK-51343,2025-08-20 19:55:23.846396,2025-08-24 19:55:23.846396
103,103,DHL,TRACK-32003,2025-10-17 06:11:17.846396,2025-10-19 06:11:17.846396
104,104,UPS,TRACK-79176,2025-09-17 05:13:43.846396,2025-09-21 05:13:43.846396
105,105,UPS,TRACK-93676,2025-07-11 03:14:12.846396,2025-07-14 03:14:12.846396
106,106,UPS,TRACK-32016,2025-08-06 04:29:38.846396,2025-08-11 04:29:38.846396
107,107,DHL,TRACK-32870,2024-12-16 21:15:11.846396,2024-12-19 21:15:11.846396
108,108,FedEx,TRACK-83172,2025-08-14 13:47:02.846396,2025-08-17 13:47:02.846396
109,109,UPS,TRACK-78895,2025-10-28 16:24:49.846396,2025-10-31 16:24:49.846396
110,110,FedEx,TRACK-79868,2025-06-06 22:53:50.846396,2025-06-11 22:53:50.846396
111,111,UPS,TRACK-72774,2025-02-24 02:08:50.846396,2025-02-26 02:08:50.846396
112,112,DHL,TRACK-34873,2025-08-29 00:41:58.846396,2025-08-30 00:41:58.846396
113,113,UPS,TRACK-47143,2025-05-28 02:06:22.846396,2025-05-31 02:06:22.846396
114,114,UPS,TRACK-45581,2025-07-19 18:50:21.846396,2025-07-22 18:50:21.846396
115,115,UPS,TRACK-22362,2025-05-30 23:05:18.846396,2025-06-03 23:05:18.846396
116,116,USPS,TRACK-31665,2025-07-08 15:29:49.846396,2025-07-12 15:29:49.846396
117,117,UPS,TRACK-87603,2025-09-12 07:23:56.846396,2025-09-14 07:23:56.846396
118,118,UPS,TRACK-66909,2025-06-17 15:47:27.846396,2025-06-18 15:47:27.846396
119,119,UPS,TRACK-67054,2025-05-22 22:46:07.846396,2025-05-27 22:46:07.846396
120,120,USPS,TRACK-66889,2025-05-23 20:58:52.846396,2025-05-25 20:58:52.846396
121,121,FedEx,TRACK-37346,2024-11-23 06:29:23.846396,2024-11-25 06:29:23.846396
122,122,UPS,TRACK-70656,2024-12-15 10:34:47.846396,2024-12-20 10:34:47.846396
123,123,UPS,TRACK-27298,2024-11-18 09:28:20.846396,2024-11-20 09:28:20.846396
124,124,FedEx,TRACK-06990,2025-10-16 15:00:54.846396,2025-10-18 15:00:54.846396
125,125,FedEx,TRACK-16272,2025-03-19 00:16:52.846396,2025-03-23 00:16:52.846396
126,126,DHL,TRACK-04653,2025-01-07 16:48:46.846396,2025-01-12 16:48:46.846396
127,127,USPS,TRACK-75564,2025-04-21 07:48:51.846396,2025-04-25 07:48:51.846396
128,128,FedEx,TRACK-64170,2025-02-17 13:37:02.846396,2025-02-18 13:37:02.846396
129,129,USPS,TRACK-80531,2025-04-17 08:42:38.846396,2025-04-19 08:42:38.846396
130,130,USPS,TRACK-00330,2025-08-07 02:26:49.846396,2025-08-08 02:26:49.846396
131,131,UPS,TRACK-92327,2025-10-05 23:16:26.846396,2025-10-10 23:16:26.846396
132,132,USPS,TRACK-19374,2025-06-23 00:02:13.846396,2025-06-28 00:02:13.846396
133,133,DHL,TRACK-52991,2025-06-23 17:15:47.846396,2025-06-27 17:15:47.846396
134,134,UPS,TRACK-24190,2025-09-24 06:26:40.846396,2025-09-28 06:26:40.846396
135,135,USPS,TRACK-49663,2025-09-12 20:37:20.846396,2025-09-15 20:37:20.846396
136,136,FedEx,TRACK-19314,2025-06-30 19:43:44.846396,2025-07-04 19:43:44.846396
137,137,UPS,TRACK-91905,2025-05-25 23:05:53.846396,2025-05-28 23:05:53.846396
138,138,DHL,TRACK-86518,2025-07-16 18:34:23.846396,2025-07-17 18:34:23.846396
139,139,DHL,TRACK-50671,2025-09-09 20:54:32.846396,2025-09-11 20:54:32.846396
140,140,USPS,TRACK-65726,2024-12-20 19:38:16.846396,2024-12-23 19:38:16.846396
141,141,USPS,TRACK-28498,2025-03-14 04:11:03.846396,
142,142,FedEx,TRACK-77694,2024-12-27 21:33:47.846396,2025-01-01 21:33:47.846396
143,143,USPS,TRACK-53147,2025-04-19 08:01:26.846396,2025-04-24 08:01:26.846396
144,144,UPS,TRACK-37996,2025-05-06 02:20:32.846396,
145,145,DHL,TRACK-50752,2025-11-04 03:22:14.846396,2025-11-08 03:22:14.846396
146,146,USPS,TRACK-73545,2025-01-10 17:51:43.846396,2025-01-14 17:51:43.846396
147,147,DHL,TRACK-49480,2025-10-26 17:35:28.846396,2025-10-30 17:35:28.846396
148,148,FedEx,TRACK-83136,2025-04-04 08:18:59.846396,2025-04-06 08:18:59.846396
149,149,FedEx,TRACK-78377,2025-02-17 21:38:10.846396,2025-02-18 21:38:10.846396
150,150,DHL,TRACK-70143,2024-11-20 06:17:51.846396,2024-11-24 06:17:51.846396
151,151,DHL,TRACK-63495,2025-08-17 21:29:11.846396,2025-08-20 21:29:11.846396
152,152,UPS,TRACK-78856,2025-01-01 11:17:48.846396,2025-01-05 11:17:48.846396
153,153,UPS,TRACK-85574,2025-06-26 23:15:18.846396,2025-06-30 23:15:18.846396
154,154,FedEx,TRACK-44313,2025-01-10 13:13:45.846396,
155,155,DHL,TRACK-51823,2025-09-30 12:48:07.846396,2025-10-03 12:48:07.846396
156,156,FedEx,TRACK-37498,2024-12-25 19:53:11.846396,
157,157,DHL,TRACK-94134,2025-09-15 09:21:58.846396,
158,158,DHL,TRACK-35240,2025-06-22 21:40:35.846396,2025-06-27 21:40:35.846396
159,159,DHL,TRACK-82400,2025-09-21 13:02:35.846396,2025-09-22 13:02:35.846396
160,160,DHL,TRACK-84271,2025-02-26 20:29:08.846396,2025-03-01 20:29:08.846396
161,161,DHL,TRACK-09477,2025-02-08 06:56:51.846396,2025-02-09 06:56:51.846396
162,162,UPS,TRACK-75204,2025-06-28 08:28:13.846396,2025-06-29 08:28:13.846396
163,163,USPS,TRACK-71167,2025-04-07 21:08:37.846396,2025-04-11 21:08:37.846396
164,164,DHL,TRACK-19022,2025-03-11 20:28:56.846396,2025-03-16 20:28:56.846396
165,165,FedEx,TRACK-94131,2025-06-12 15:01:44.846396,2025-06-15 15:01:44.846396
166,166,UPS,TRACK-86999,2025-03-29 16:01:44.846396,2025-03-30 16:01:44.846396
167,167,FedEx,TRACK-38677,2025-09-12 07:34:28.846396,2025-09-15 07:34:28.846396
168,168,USPS,TRACK-49649,2025-10-29 21:55:18.846396,2025-10-30 21:55:18.846396
169,169,UPS,TRACK-90913,2025-08-17 04:49:43.846396,2025-08-21 04:49:43.846396
170,170,DHL,TRACK-34123,2025-06-21 22:35:08.846396,2025-06-25 22:35:08.846396
171,171,UPS,TRACK-28120,2025-03-08 07:47:33.846396,2025-03-13 07:47:33.846396
172,172,USPS,TRACK-67974,2025-09-02 12:18:54.846396,2025-09-07 12:18:54.846396
173,173,UPS,TRACK-03447,2025-06-24 20:58:39.846396,2025-06-29 20:58:39.846396
174,174,UPS,TRACK-13493,2025-07-18 14:10:20.846396,2025-07-19 14:10:20.846396
175,175,USPS,TRACK-61832,2025-04-23 14:39:31.846396,2025-04-27 14:39:31.846396
176,176,UPS,TRACK-42102,2025-07-20 21:20:38.846396,
177,177,UPS,TRACK-49947,2025-06-28 14:03:23.846396,2025-07-01 14:03:23.846396
178,178,UPS,TRACK-17464,2025-06-04 05:35:10.846396,2025-06-09 05:35:10.846396
179,179,DHL,TRACK-88771,2024-12-08 17:40:47.846396,
180,180,USPS,TRACK-90659,2025-09-24 02:56:40.846396,2025-09-28 02:56:40.846396
181,181,USPS,TRACK-40139,2025-01-17 21:20:13.846396,2025-01-21 21:20:13.846396
182,182,UPS,TRACK-90490,2025-09-29 09:01:07.846396,2025-09-30 09:01:07.846396
183,183,UPS,TRACK-27874,2024-11-16 06:57:25.846396,2024-11-18 06:57:25.846396
184,184,UPS,TRACK-29671,2025-07-06 15:07:37.846396,2025-07-10 15:07:37.846396
185,185,UPS,TRACK-75655,2025-04-09 05:22:39.846396,2025-04-14 05:22:39.846396
186,186,UPS,TRACK-12567,2025-07-08 19:43:27.846396,2025-07-11 19:43:27.846396
187,187,UPS,TRACK-46807,2025-02-15 08:40:22.846396,2025-02-17 08:40:22.846396
188,188,DHL,TRACK-15451,2025-06-07 23:13:29.846396,2025-06-09 23:13:29.846396
189,189,UPS,TRACK-68087,2025-04-10 08:13:12.846396,2025-04-13 08:13:12.846396
190,190,DHL,TRACK-60385,2025-08-10 04:29:04.846396,2025-08-13 04:29:04.846396
191,191,DHL,TRACK-97703,2025-05-22 03:25:43.846396,2025-05-23 03:25:43.846396
192,192,FedEx,TRACK-48247,2025-08-29 00:47:37.846396,
193,193,USPS,TRACK-71093,2025-07-12 00:43:49.846396,2025-07-14 00:43:49.846396
194,194,UPS,TRACK-24808,2025-01-11 05:08:17.846396,2025-01-16 05:08:17.846396
195,195,DHL,TRACK-61317,2025-01-01 05:59:58.846396,2025-01-04 05:59:58.846396
196,196,FedEx,TRACK-12748,2025-06-05 10:41:24.846396,2025-06-09 10:41:24.846396
197,197,USPS,TRACK-46773,2025-05-06 09:32:32.846396,
198,198,DHL,TRACK-78263,2025-04-25 06:16:43.846396,2025-04-26 06:16:43.846396
199,199,FedEx,TRACK-98214,2025-07-16 06:32:53.846396,2025-07-19 06:32:53.846396
200,200,DHL,TRACK-65840,2025-09-27 21:18:48.846396,2025-10-01 21:18:48.846396
201,201,USPS,TRACK-44997,2025-10-03 14:30:34.846396,2025-10-07 14:30:34.846396
202,202,UPS,TRACK-27875,2024-11-23 12:31:29.846396,2024-11-27 12:31:29.846396
203,203,FedEx,TRACK-58867,2025-05-22 02:31:51.846396,2025-05-27 02:31:51.846396
204,204,UPS,TRACK-53396,2025-08-29 17:24:21.846396,2025-08-31 17:24:21.846396
205,205,DHL,TRACK-36057,2025-05-27 09:24:47.846396,
206,206,FedEx,TRACK-66270,2025-01-20 19:18:14.846396,2025-01-22 19:18:14.846396
207,207,USPS,TRACK-28951,2025-10-17 11:11:32.846396,2025-10-22 11:11:32.846396
208,208,UPS,TRACK-71870,2025-01-28 13:32:22.846396,
209,209,FedEx,TRACK-26217,2025-10-06 02:17:56.846396,2025-10-10 02:17:56.846396
210,210,DHL,TRACK-45961,2025-02-22 00:51:23.846396,2025-02-25 00:51:23.846396
211,211,DHL,TRACK-58657,2025-08-29 23:55:10.846396,2025-08-31 23:55:10.846396
212,212,FedEx,TRACK-80913,2024-11-21 10:48:56.846396,2024-11-22 10:48:56.846396
213,213,UPS,TRACK-43161,2025-10-25 12:38:09.846396,2025-10-30 12:38:09.846396
214,214,USPS,TRACK-17240,2025-09-16 23:40:40.846396,2025-09-19 23:40:40.846396
215,215,USPS,TRACK-05045,2025-10-23 10:51:01.846396,2025-10-27 10:51:01.846396
216,216,UPS,TRACK-56238,2025-09-25 10:22:58.846396,2025-09-29 10:22:58.846396
217,217,DHL,TRACK-69222,2025-09-04 00:08:04.846396,2025-09-05 00:08:04.846396
218,218,FedEx,TRACK-19693,2025-04-29 01:58:41.846396,2025-05-04 01:58:41.846396
219,219,FedEx,TRACK-79237,2025-05-20 06:10:40.846396,2025-05-23 06:10:40.846396
220,220,USPS,TRACK-47407,2025-07-17 21:35:45.846396,2025-07-21 21:35:45.846396
221,221,USPS,TRACK-48217,2024-12-17 15:58:30.846396,2024-12-22 15:58:30.846396
222,222,USPS,TRACK-59464,2024-12-29 01:12:58.846396,2024-12-30 01:12:58.846396
223,223,FedEx,TRACK-74367,2025-06-30 00:16:12.846396,2025-07-03 00:16:12.846396
224,224,USPS,TRACK-13695,2025-10-06 00:22:30.846396,2025-10-10 00:22:30.846396
225,225,FedEx,TRACK-94406,2025-09-23 07:17:25.846396,2025-09-27 07:17:25.846396
226,226,UPS,TRACK-40909,2024-12-13 09:59:04.846396,
227,227,FedEx,TRACK-74395,2025-01-07 15:56:21.846396,2025-01-11 15:56:21.846396
228,228,USPS,TRACK-33942,2025-01-10 14:23:20.846396,2025-01-14 14:23:20.846396
229,229,USPS,TRACK-10470,2025-06-28 00:21:30.846396,2025-07-01 00:21:30.846396
230,230,DHL,TRACK-95214,2025-01-31 01:57:20.846396,2025-02-01 01:57:20.846396
231,231,USPS,TRACK-56232,2025-06-05 21:02:07.846396,2025-06-08 21:02:07.846396
232,232,DHL,TRACK-85884,2025-06-27 19:26:48.846396,2025-06-28 19:26:48.846396
233,233,FedEx,TRACK-24745,2025-08-18 10:19:39.846396,2025-08-23 10:19:39.846396
234,234,FedEx,TRACK-17123,2025-02-16 15:17:52.846396,2025-02-18 15:17:52.846396
235,235,USPS,TRACK-68516,2025-10-05 10:08:00.846396,2025-10-07 10:08:00.846396
236,236,USPS,TRACK-04817,2025-03-16 15:26:06.846396,2025-03-19 15:26:06.846396
237,237,DHL,TRACK-54965,2025-02-28 08:11:59.846396,2025-03-04 08:11:59.846396
238,238,DHL,TRACK-13709,2025-09-11 10:57:12.846396,2025-09-15 10:57:12.846396
239,239,FedEx,TRACK-85931,2025-03-19 17:12:12.846396,2025-03-21 17:12:12.846396
240,240,UPS,TRACK-74612,2025-05-11 19:30:47.846396,2025-05-15 19:30:47.846396
241,241,UPS,TRACK-00471,2025-03-28 12:45:29.846396,2025-03-29 12:45:29.846396
242,242,USPS,TRACK-13826,2024-12-15 04:11:23.846396,2024-12-20 04:11:23.846396
243,243,USPS,TRACK-75869,2025-01-08 03:18:26.846396,2025-01-13 03:18:26.846396
244,244,USPS,TRACK-26179,2025-10-13 05:50:08.846396,2025-10-18 05:50:08.846396
245,245,DHL,TRACK-64053,2024-12-12 04:17:22.846396,2024-12-14 04:17:22.846396
246,246,FedEx,TRACK-77351,2025-07-21 02:59:59.846396,2025-07-25 02:59:59.846396
247,247,USPS,TRACK-58506,2025-01-23 13:14:30.846396,2025-01-27 13:14:30.846396
248,248,USPS,TRACK-43171,2025-09-08 06:48:55.846396,2025-09-10 06:48:55.846396
249,249,UPS,TRACK-39005,2025-08-05 21:35:13.846396,2025-08-10 21:35:13.846396
250,250,FedEx,TRACK-32931,2025-01-02 15:00:57.846396,2025-01-06 15:00:57.846396
251,251,DHL,TRACK-83933,2025-06-20 03:17:27.846396,2025-06-21 03:17:27.846396
252,252,FedEx,TRACK-52904,2025-06-03 01:59:45.846396,2025-06-05 01:59:45.846396
253,253,UPS,TRACK-22842,2025-04-19 20:07:49.846396,2025-04-22 20:07:49.846396
254,254,UPS,TRACK-10205,2024-12-15 14:10:18.846396,2024-12-16 14:10:18.846396
255,255,USPS,TRACK-39502,2025-05-22 15:35:15.846396,2025-05-27 15:35:15.846396
256,256,FedEx,TRACK-40268,2025-08-23 22:51:08.846396,2025-08-27 22:51:08.846396
257,257,UPS,TRACK-11775,2025-10-18 02:14:56.846396,
258,258,FedEx,TRACK-89178,2025-04-16 23:39:11.846396,2025-04-20 23:39:11.846396
259,259,USPS,TRACK-39084,2025-02-01 10:45:40.846396,2025-02-02 10:45:40.846396
260,260,FedEx,TRACK-70076,2025-08-20 00:13:57.846396,2025-08-21 00:13:57.846396
261,261,UPS,TRACK-61771,2025-06-17 07:16:27.846396,2025-06-20 07:16:27.846396
262,262,USPS,TRACK-15921,2025-08-21 11:48:22.846396,2025-08-23 11:48:22.846396
263,263,DHL,TRACK-24998,2025-03-30 22:06:00.846396,2025-04-01 22:06:00.846396
264,264,USPS,TRACK-56984,2025-01-21 07:28:09.846396,
265,265,DHL,TRACK-78961,2025-10-01 11:57:59.846396,2025-10-05 11:57:59.846396
266,266,USPS,TRACK-18367,2025-06-11 03:22:01.846396,2025-06-14 03:22:01.846396
267,267,UPS,TRACK-36576,2025-04-25 07:30:56.846396,2025-04-29 07:30:56.846396
268,268,USPS,TRACK-61565,2025-02-01 09:20:42.846396,2025-02-02 09:20:42.846396
269,269,USPS,TRACK-45271,2025-10-14 02:17:17.846396,2025-10-17 02:17:17.846396
270,270,DHL,TRACK-11161,2025-03-31 18:41:56.846396,2025-04-03 18:41:56.846396
271,271,DHL,TRACK-52809,2025-01-05 21:09:46.846396,2025-01-06 21:09:46.846396
272,272,UPS,TRACK-88516,2025-10-17 22:04:46.846396,2025-10-22 22:04:46.846396
273,273,UPS,TRACK-56049,2024-12-10 11:07:48.846396,2024-12-14 11:07:48.846396
274,274,USPS,TRACK-45198,2025-03-17 21:23:19.846396,2025-03-18 21:23:19.846396
275,275,DHL,TRACK-32731,2025-06-21 17:14:49.846396,2025-06-24 17:14:49.846396
276,276,DHL,TRACK-58514,2025-03-09 05:03:51.846396,2025-03-11 05:03:51.846396
277,277,FedEx,TRACK-93689,2024-12-03 02:43:57.846396,2024-12-05 02:43:57.846396
278,278,USPS,TRACK-98094,2025-09-03 02:28:48.846396,2025-09-06 02:28:48.846396
279,279,FedEx,TRACK-02445,2025-06-08 21:23:28.846396,2025-06-10 21:23:28.846396
280,280,DHL,TRACK-50229,2025-02-05 09:21:19.846396,2025-02-09 09:21:19.846396
281,281,UPS,TRACK-61201,2025-01-01 19:42:32.846396,2025-01-06 19:42:32.846396
282,282,DHL,TRACK-83667,2024-12-22 01:15:34.846396,2024-12-25 01:15:34.846396
283,283,UPS,TRACK-52545,2025-02-03 13:37:52.846396,2025-02-07 13:37:52.846396
284,284,USPS,TRACK-99102,2025-02-19 23:34:14.846396,2025-02-20 23:34:14.846396
285,285,USPS,TRACK-29014,2025-01-20 20:10:11.846396,2025-01-22 20:10:11.846396
286,286,FedEx,TRACK-76797,2025-10-14 13:35:37.846396,2025-10-17 13:35:37.846396
287,287,FedEx,TRACK-64381,2025-09-06 03:11:39.846396,2025-09-09 03:11:39.846396
288,288,USPS,TRACK-56149,2025-09-25 22:37:04.846396,2025-09-28 22:37:04.846396
289,289,FedEx,TRACK-78403,2024-12-18 03:55:23.846396,2024-12-21 03:55:23.846396
290,290,UPS,TRACK-69003,2024-12-10 23:39:50.846396,2024-12-11 23:39:50.846396
291,291,USPS,TRACK-43244,2025-06-30 12:13:10.846396,2025-07-01 12:13:10.846396
292,292,FedEx,TRACK-51076,2025-10-08 14:08:16.846396,2025-10-12 14:08:16.846396
293,293,FedEx,TRACK-22683,2025-07-03 07:58:45.846396,
294,294,FedEx,TRACK-06071,2025-10-08 17:42:13.846396,2025-10-09 17:42:13.846396
295,295,USPS,TRACK-59696,2025-01-24 13:06:10.846396,2025-01-26 13:06:10.846396
296,296,USPS,TRACK-64160,2024-12-24 05:13:13.846396,2024-12-29 05:13:13.846396
297,297,USPS,TRACK-52975,2025-11-09 02:47:18.846396,2025-11-11 02:47:18.846396
298,298,USPS,TRACK-16136,2025-02-02 00:05:57.846396,
299,299,FedEx,TRACK-96816,2025-05-04 08:37:07.846396,2025-05-07 08:37:07.846396
300,300,USPS,TRACK-45352,2024-12-31 07:09:54.846396,2025-01-04 07:09:54.846396
301,301,UPS,TRACK-18188,2025-10-11 08:47:38.846396,2025-10-12 08:47:38.846396
302,302,FedEx,TRACK-35523,2025-10-16 15:59:58.846396,2025-10-19 15:59:58.846396
303,303,USPS,TRACK-12432,2025-10-16 01:07:15.846396,2025-10-17 01:07:15.846396
304,304,FedEx,TRACK-92127,2025-04-15 07:12:00.846396,2025-04-20 07:12:00.846396
305,305,DHL,TRACK-79979,2025-11-02 06:00:56.846396,2025-11-04 06:00:56.846396
306,306,DHL,TRACK-95527,2024-11-23 00:03:07.846396,2024-11-24 00:03:07.846396
307,307,UPS,TRACK-17744,2025-07-17 17:50:27.846396,2025-07-19 17:50:27.846396
308,308,FedEx,TRACK-90581,2025-04-13 14:31:57.846396,2025-04-18 14:31:57.846396
309,309,DHL,TRACK-47700,2024-11-28 23:06:41.846396,2024-11-30 23:06:41.846396
310,310,FedEx,TRACK-54119,2025-01-28 16:45:27.846396,2025-01-30 16:45:27.846396
311,311,FedEx,TRACK-98679,2025-06-24 12:26:27.846396,2025-06-26 12:26:27.846396
312,312,UPS,TRACK-80793,2025-03-11 03:01:23.846396,2025-03-13 03:01:23.846396
313,313,DHL,TRACK-59782,2025-03-07 06:17:34.846396,2025-03-08 06:17:34.846396
314,314,FedEx,TRACK-07151,2025-05-20 07:37:07.846396,2025-05-21 07:37:07.846396
315,315,FedEx,TRACK-82037,2025-07-26 06:03:16.846396,2025-07-29 06:03:16.846396
316,316,FedEx,TRACK-78892,2025-01-19 19:57:09.846396,2025-01-24 19:57:09.846396
317,317,UPS,TRACK-55466,2025-01-04 05:38:02.846396,2025-01-09 05:38:02.846396
318,318,FedEx,TRACK-59051,2025-03-30 03:12:34.846396,2025-03-31 03:12:34.846396
319,319,FedEx,TRACK-51864,2025-03-04 03:16:31.846396,2025-03-08 03:16:31.846396
320,320,FedEx,TRACK-49251,2025-06-01 05:07:40.846396,2025-06-05 05:07:40.846396
321,321,FedEx,TRACK-92546,2025-05-17 19:01:31.846396,2025-05-19 19:01:31.846396
322,322,UPS,TRACK-29148,2025-10-06 23:03:28.846396,2025-10-11 23:03:28.846396
323,323,UPS,TRACK-65281,2025-07-09 15:54:12.846396,2025-07-14 15:54:12.846396
324,324,FedEx,TRACK-68505,2024-11-12 13:44:05.846396,2024-11-16 13:44:05.846396
325,325,DHL,TRACK-42357,2025-08-21 09:01:08.846396,2025-08-26 09:01:08.846396
326,326,USPS,TRACK-33221,2025-03-11 21:48:53.846396,2025-03-13 21:48:53.846396
327,327,USPS,TRACK-41888,2025-10-03 09:31:34.846396,2025-10-07 09:31:34.846396
328,328,USPS,TRACK-05929,2025-09-14 06:22:02.846396,
329,329,DHL,TRACK-62229,2025-01-21 21:27:18.846396,2025-01-24 21:27:18.846396
330,330,FedEx,TRACK-27065,2025-03-16 07:37:39.846396,2025-03-17 07:37:39.846396
331,331,USPS,TRACK-37947,2024-12-27 05:54:35.846396,
332,332,DHL,TRACK-38347,2025-07-25 05:19:56.846396,2025-07-28 05:19:56.846396
333,333,UPS,TRACK-35977,2024-12-04 09:59:39.846396,
334,334,USPS,TRACK-46886,2024-11-20 23:51:06.846396,2024-11-23 23:51:06.846396
335,335,UPS,TRACK-23924,2025-10-16 09:43:27.846396,2025-10-17 09:43:27.846396
336,336,DHL,TRACK-07581,2025-01-18 12:27:52.846396,2025-01-19 12:27:52.846396
337,337,FedEx,TRACK-81412,2025-02-06 03:46:00.846396,2025-02-08 03:46:00.846396
338,338,FedEx,TRACK-47826,2025-01-17 13:08:51.846396,2025-01-20 13:08:51.846396
339,339,USPS,TRACK-13750,2025-02-24 12:26:42.846396,2025-02-26 12:26:42.846396
340,340,FedEx,TRACK-60685,2025-08-04 01:20:57.846396,2025-08-09 01:20:57.846396
341,341,FedEx,TRACK-36153,2025-10-08 17:48:29.846396,2025-10-11 17:48:29.846396
342,342,UPS,TRACK-05152,2025-04-26 20:47:52.846396,2025-04-29 20:47:52.846396
343,343,DHL,TRACK-20472,2025-06-23 00:55:39.846396,
344,344,DHL,TRACK-77901,2025-07-24 00:13:29.846396,2025-07-25 00:13:29.846396
345,345,FedEx,TRACK-04328,2025-06-17 13:43:26.846396,2025-06-18 13:43:26.846396
346,346,USPS,TRACK-98614,2025-04-11 22:32:42.846396,2025-04-15 22:32:42.846396
347,347,UPS,TRACK-34103,2025-04-10 22:00:34.846396,2025-04-13 22:00:34.846396
348,348,FedEx,TRACK-69711,2025-02-06 03:00:44.846396,2025-02-11 03:00:44.846396
349,349,FedEx,TRACK-79808,2025-05-07 09:14:10.846396,2025-05-12 09:14:10.846396
350,350,USPS,TRACK-93246,2024-12-21 10:03:41.846396,
351,351,USPS,TRACK-09539,2025-10-25 16:40:30.846396,2025-10-30 16:40:30.846396
352,352,FedEx,TRACK-62185,2025-06-22 12:07:02.846396,2025-06-27 12:07:02.846396
353,353,USPS,TRACK-18888,2025-05-16 00:02:08.846396,2025-05-19 00:02:08.846396
354,354,DHL,TRACK-80670,2025-01-29 03:13:53.846396,2025-01-30 03:13:53.846396
355,355,FedEx,TRACK-65405,2025-08-30 15:51:48.846396,2025-08-31 15:51:48.846396
356,356,DHL,TRACK-15319,2025-10-06 20:59:49.846396,2025-10-08 20:59:49.846396
357,357,FedEx,TRACK-52058,2025-02-17 05:01:11.846396,2025-02-20 05:01:11.846396
358,358,DHL,TRACK-52772,2025-03-21 20:19:37.846396,2025-03-25 20:19:37.846396
359,359,UPS,TRACK-21704,2025-04-04 04:44:03.846396,2025-04-06 04:44:03.846396
360,360,USPS,TRACK-30305,2025-06-26 17:08:11.846396,2025-06-27 17:08:11.846396
361,361,UPS,TRACK-48687,2025-04-19 23:29:58.846396,2025-04-20 23:29:58.846396
362,362,USPS,TRACK-40345,2025-04-08 21:46:16.846396,2025-04-12 21:46:16.846396
363,363,UPS,TRACK-05415,2025-03-03 15:16:08.846396,2025-03-04 15:16:08.846396
364,364,USPS,TRACK-66765,2024-11-21 23:59:24.846396,2024-11-26 23:59:24.846396
365,365,FedEx,TRACK-27758,2025-08-22 15:34:30.846396,2025-08-25 15:34:30.846396
366,366,USPS,TRACK-41616,2025-06-02 04:16:40.846396,2025-06-04 04:16:40.846396
367,367,USPS,TRACK-92845,2024-12-18 15:24:47.846396,2024-12-19 15:24:47.846396
368,368,DHL,TRACK-11544,2025-10-28 05:41:12.846396,2025-10-31 05:41:12.846396
369,369,FedEx,TRACK-79627,2025-09-05 17:28:31.846396,2025-09-06 17:28:31.846396
370,370,UPS,TRACK-57059,2025-01-14 05:42:49.846396,2025-01-17 05:42:49.846396
371,371,DHL,TRACK-64016,2025-04-26 19:03:33.846396,2025-04-28 19:03:33.846396
372,372,DHL,TRACK-58202,2025-03-15 17:59:50.846396,2025-03-17 17:59:50.846396
373,373,DHL,TRACK-97021,2025-09-27 21:52:32.846396,2025-09-28 21:52:32.846396
374,374,USPS,TRACK-35569,2025-10-07 16:59:24.846396,2025-10-11 16:59:24.846396
375,375,UPS,TRACK-09275,2025-10-16 09:35:12.846396,2025-10-21 09:35:12.846396
376,376,DHL,TRACK-57192,2024-12-04 11:52:59.846396,2024-12-07 11:52:59.846396
377,377,USPS,TRACK-85654,2025-03-26 10:33:25.846396,
378,378,FedEx,TRACK-31027,2025-10-05 11:57:10.846396,2025-10-08 11:57:10.846396
379,379,USPS,TRACK-86814,2025-04-13 04:26:01.846396,2025-04-16 04:26:01.846396
380,380,UPS,TRACK-47394,2024-12-17 13:01:53.846396,
381,381,USPS,TRACK-73121,2025-07-08 18:16:42.846396,2025-07-09 18:16:42.846396
382,382,USPS,TRACK-72715,2025-04-22 23:25:29.846396,2025-04-23 23:25:29.846396
383,383,UPS,TRACK-51884,2025-08-27 14:42:58.846396,2025-08-29 14:42:58.846396
384,384,FedEx,TRACK-42258,2025-03-28 03:13:10.846396,2025-03-30 03:13:10.846396
385,385,FedEx,TRACK-31323,2025-04-08 00:50:12.846396,2025-04-11 00:50:12.846396
386,386,DHL,TRACK-70589,2025-04-28 07:52:59.846396,2025-04-29 07:52:59.846396
387,387,DHL,TRACK-57829,2025-07-26 05:35:27.846396,2025-07-30 05:35:27.846396
388,388,USPS,TRACK-11467,2024-11-20 14:07:43.846396,2024-11-23 14:07:43.846396
389,389,FedEx,TRACK-86691,2025-03-01 08:05:21.846396,2025-03-06 08:05:21.846396
390,390,FedEx,TRACK-25177,2025-07-25 08:36:18.846396,2025-07-28 08:36:18.846396
391,391,USPS,TRACK-85289,2024-11-13 14:45:50.846396,
392,392,DHL,TRACK-22680,2025-05-16 01:31:56.846396,2025-05-21 01:31:56.846396
393,393,DHL,TRACK-18242,2025-08-28 07:18:19.846396,
394,394,DHL,TRACK-25358,2024-12-17 00:55:00.846396,2024-12-21 00:55:00.846396
395,395,UPS,TRACK-41438,2025-09-27 09:05:51.846396,2025-09-28 09:05:51.846396
396,396,DHL,TRACK-42498,2025-05-21 23:11:45.846396,2025-05-24 23:11:45.846396
397,397,FedEx,TRACK-18299,2025-09-17 05:23:12.846396,2025-09-22 05:23:12.846396
398,398,UPS,TRACK-22995,2024-12-01 15:50:22.846396,2024-12-06 15:50:22.846396
399,399,DHL,TRACK-90010,2025-06-28 16:16:22.846396,2025-06-30 16:16:22.846396
400,400,DHL,TRACK-94396,2025-09-18 22:26:51.846396,2025-09-22 22:26:51.846396
401,401,FedEx,TRACK-90784,2025-04-11 08:28:01.846396,2025-04-13 08:28:01.846396
402,402,FedEx,TRACK-47364,2025-07-18 07:20:44.846396,2025-07-19 07:20:44.846396
403,403,DHL,TRACK-71027,2025-04-30 14:50:27.846396,2025-05-05 14:50:27.846396
404,404,DHL,TRACK-67735,2025-10-30 09:45:39.846396,2025-11-01 09:45:39.846396
405,405,DHL,TRACK-92555,2025-10-15 07:54:42.846396,2025-10-20 07:54:42.846396
406,406,UPS,TRACK-62588,2025-09-07 04:20:34.846396,2025-09-11 04:20:34.846396
407,407,UPS,TRACK-15371,2025-09-26 00:41:33.846396,2025-09-30 00:41:33.846396
408,408,DHL,TRACK-47321,2025-11-06 14:51:05.846396,2025-11-10 14:51:05.846396
409,409,DHL,TRACK-04696,2025-06-13 16:21:49.846396,2025-06-17 16:21:49.846396
410,410,USPS,TRACK-32595,2025-09-19 04:01:15.846396,2025-09-24 04:01:15.846396
411,411,USPS,TRACK-32787,2025-08-02 18:23:57.846396,2025-08-06 18:23:57.846396
412,412,DHL,TRACK-74701,2025-08-05 00:34:12.846396,2025-08-10 00:34:12.846396
413,413,UPS,TRACK-68733,2025-05-08 06:44:22.846396,2025-05-12 06:44:22.846396
414,414,FedEx,TRACK-95004,2025-02-17 19:49:32.846396,2025-02-22 19:49:32.846396
415,415,DHL,TRACK-79748,2025-04-10 21:22:21.846396,
416,416,DHL,TRACK-01624,2025-07-17 22:23:36.846396,2025-07-22 22:23:36.846396
417,417,USPS,TRACK-56506,2025-04-02 21:19:42.846396,2025-04-04 21:19:42.846396
418,418,FedEx,TRACK-09835,2025-05-23 01:12:53.846396,2025-05-27 01:12:53.846396
419,419,USPS,TRACK-84168,2025-04-06 13:43:39.846396,2025-04-08 13:43:39.846396
420,420,UPS,TRACK-78499,2025-07-10 18:38:28.846396,2025-07-11 18:38:28.846396
421,421,DHL,TRACK-12165,2025-10-29 20:44:22.846396,2025-11-01 20:44:22.846396
422,422,USPS,TRACK-58523,2025-09-04 19:33:44.846396,
423,423,USPS,TRACK-98680,2025-03-08 10:04:37.846396,2025-03-12 10:04:37.846396
424,424,FedEx,TRACK-00257,2025-04-30 04:02:59.846396,
425,425,USPS,TRACK-87298,2025-01-27 01:39:55.846396,2025-01-29 01:39:55.846396
426,426,UPS,TRACK-25952,2025-02-17 21:18:30.846396,2025-02-19 21:18:30.846396
427,427,USPS,TRACK-69495,2024-12-23 10:35:59.846396,
428,428,FedEx,TRACK-88879,2024-12-01 17:13:27.846396,2024-12-05 17:13:27.846396
429,429,FedEx,TRACK-47055,2025-07-18 17:38:01.846396,2025-07-22 17:38:01.846396
430,430,DHL,TRACK-16940,2025-04-14 07:31:44.846396,2025-04-16 07:31:44.846396
431,431,UPS,TRACK-97499,2025-06-30 10:11:59.846396,2025-07-05 10:11:59.846396
432,432,FedEx,TRACK-30972,2025-07-25 03:53:25.846396,2025-07-27 03:53:25.846396
433,433,FedEx,TRACK-89623,2025-02-03 03:33:31.846396,2025-02-04 03:33:31.846396
434,434,USPS,TRACK-09130,2024-11-17 23:07:26.846396,2024-11-18 23:07:26.846396
435,435,UPS,TRACK-75626,2025-02-07 09:05:40.846396,2025-02-08 09:05:40.846396
436,436,DHL,TRACK-36897,2025-04-29 14:00:29.846396,
437,437,UPS,TRACK-02838,2025-07-14 22:37:56.846396,2025-07-15 22:37:56.846396
438,438,UPS,TRACK-57865,2025-03-09 03:06:55.846396,
439,439,USPS,TRACK-27858,2025-09-02 11:15:59.846396,2025-09-06 11:15:59.846396
440,440,FedEx,TRACK-54973,2024-12-13 15:09:16.846396,2024-12-15 15:09:16.846396
441,441,FedEx,TRACK-34843,2025-10-30 05:08:47.846396,2025-11-03 05:08:47.846396
442,442,FedEx,TRACK-44375,2025-10-02 21:35:32.846396,2025-10-04 21:35:32.846396
443,443,USPS,TRACK-75844,2025-01-17 04:15:37.846396,2025-01-22 04:15:37.846396
444,444,FedEx,TRACK-19866,2025-05-24 01:59:26.846396,2025-05-27 01:59:26.846396
445,445,UPS,TRACK-52404,2025-10-19 18:48:08.846396,2025-10-22 18:48:08.846396
446,446,UPS,TRACK-15747,2025-06-30 06:04:49.846396,2025-07-03 06:04:49.846396
447,447,USPS,TRACK-33848,2025-01-03 13:05:55.846396,2025-01-07 13:05:55.846396
448,448,UPS,TRACK-42199,2025-08-13 16:18:22.846396,2025-08-17 16:18:22.846396
449,449,UPS,TRACK-33083,2025-01-06 18:19:43.846396,2025-01-10 18:19:43.846396
450,450,USPS,TRACK-30165,2025-08-02 03:04:11.846396,2025-08-03 03:04:11.846396
451,451,UPS,TRACK-71208,2025-06-08 03:28:54.846396,2025-06-10 03:28:54.846396
452,452,UPS,TRACK-26773,2025-10-19 22:04:13.846396,2025-10-22 22:04:13.846396
453,453,DHL,TRACK-45401,2024-11-10 18:47:01.846396,2024-11-14 18:47:01.846396
454,454,FedEx,TRACK-93802,2025-05-07 13:10:18.846396,2025-05-11 13:10:18.846396
455,455,USPS,TRACK-62067,2024-11-28 21:18:10.846396,2024-12-01 21:18:10.846396
456,456,FedEx,TRACK-24004,2025-10-06 02:09:18.846396,2025-10-07 02:09:18.846396
457,457,DHL,TRACK-99154,2025-05-23 13:46:19.846396,2025-05-26 13:46:19.846396
458,458,USPS,TRACK-78872,2025-05-04 15:10:10.846396,2025-05-09 15:10:10.846396
459,459,UPS,TRACK-87431,2025-01-11 18:57:29.846396,2025-01-13 18:57:29.846396
460,460,FedEx,TRACK-52742,2025-10-20 06:40:22.846396,2025-10-25 06:40:22.846396
461,461,UPS,TRACK-05493,2025-03-18 03:37:16.846396,2025-03-22 03:37:16.846396
462,462,DHL,TRACK-29668,2025-01-05 12:01:23.846396,2025-01-06 12:01:23.846396
463,463,UPS,TRACK-51612,2025-03-14 18:21:12.846396,2025-03-17 18:21:12.846396
464,464,DHL,TRACK-27530,2025-06-25 08:36:53.846396,2025-06-26 08:36:53.846396
465,465,FedEx,TRACK-46374,2024-12-03 01:29:46.846396,2024-12-08 01:29:46.846396
466,466,DHL,TRACK-54990,2024-12-07 15:57:08.846396,2024-12-11 15:57:08.846396
467,467,DHL,TRACK-45301,2025-09-01 22:27:40.846396,2025-09-05 22:27:40.846396
468,468,USPS,TRACK-74268,2025-03-08 21:50:13.846396,2025-03-09 21:50:13.846396
469,469,FedEx,TRACK-41459,2025-04-10 20:52:05.846396,2025-04-14 20:52:05.846396
470,470,UPS,TRACK-33272,2025-02-11 09:38:31.846396,2025-02-14 09:38:31.846396
471,471,UPS,TRACK-79568,2024-12-06 23:23:24.846396,
472,472,UPS,TRACK-78339,2025-11-01 02:00:29.846396,2025-11-03 02:00:29.846396
473,473,DHL,TRACK-18785,2025-02-14 06:26:08.846396,2025-02-16 06:26:08.846396
474,474,UPS,TRACK-19108,2025-11-05 16:06:21.846396,2025-11-06 16:06:21.846396
475,475,DHL,TRACK-83982,2025-06-13 07:08:25.846396,2025-06-17 07:08:25.846396
476,476,UPS,TRACK-25871,2025-03-21 18:15:12.846396,2025-03-22 18:15:12.846396
477,477,USPS,TRACK-39718,2024-12-28 06:21:07.846396,2025-01-01 06:21:07.846396
478,478,FedEx,TRACK-70728,2025-05-26 08:52:35.846396,2025-05-31 08:52:35.846396
479,479,USPS,TRACK-67908,2025-09-05 07:11:50.846396,2025-09-06 07:11:50.846396
480,480,DHL,TRACK-74064,2025-04-14 11:24:30.846396,2025-04-17 11:24:30.846396
481,481,DHL,TRACK-03910,2025-07-16 19:40:58.846396,2025-07-21 19:40:58.846396
482,482,FedEx,TRACK-65180,2025-06-04 19:33:50.846396,2025-06-08 19:33:50.846396
483,483,UPS,TRACK-17046,2025-07-10 06:16:47.846396,2025-07-12 06:16:47.846396
484,484,UPS,TRACK-22656,2025-05-12 05:31:16.846396,2025-05-14 05:31:16.846396
485,485,UPS,TRACK-76618,2025-07-09 22:30:34.846396,2025-07-10 22:30:34.846396
486,486,UPS,TRACK-25128,2024-12-02 07:19:52.846396,2024-12-07 07:19:52.846396
487,487,FedEx,TRACK-68230,2025-08-19 08:06:51.846396,2025-08-24 08:06:51.846396
488,488,DHL,TRACK-04786,2025-02-19 22:51:37.846396,2025-02-24 22:51:37.846396
489,489,UPS,TRACK-86337,2025-07-22 06:53:54.846396,2025-07-27 06:53:54.846396
490,490,FedEx,TRACK-52431,2025-10-08 04:42:44.846396,2025-10-09 04:42:44.846396
491,491,UPS,TRACK-06903,2025-02-01 15:56:45.846396,
492,492,USPS,TRACK-31190,2025-08-17 10:13:04.846396,2025-08-22 10:13:04.846396
493,493,UPS,TRACK-79030,2025-10-19 12:36:59.846396,2025-10-23 12:36:59.846396
494,494,DHL,TRACK-67383,2025-03-10 13:19:29.846396,2025-03-14 13:19:29.846396
495,495,UPS,TRACK-02843,2025-07-30 03:27:11.846396,2025-08-03 03:27:11.846396
496,496,FedEx,TRACK-95995,2025-10-18 09:17:49.846396,
497,497,USPS,TRACK-34283,2025-08-08 06:56:06.846396,2025-08-12 06:56:06.846396
498,498,UPS,TRACK-64408,2025-03-29 06:21:21.846396,2025-03-31 06:21:21.846396
499,499,USPS,TRACK-92687,2025-10-25 02:31:37.846396,2025-10-28 02:31:37.846396
500,500,FedEx,TRACK-05685,2025-01-23 19:37:25.846396,2025-01-28 19:37:25.846396
501,501,UPS,TRACK-66246,2025-05-09 20:34:59.846396,2025-05-10 20:34:59.846396
502,502,FedEx,TRACK-28733,2025-07-04 07:25:16.846396,2025-07-05 07:25:16.846396
503,503,USPS,TRACK-42708,2024-12-21 10:39:07.846396,2024-12-26 10:39:07.846396
504,504,UPS,TRACK-66882,2025-05-22 00:34:57.846396,2025-05-24 00:34:57.846396
505,505,DHL,TRACK-63435,2024-11-15 17:05:24.846396,2024-11-17 17:05:24.846396
506,506,USPS,TRACK-17518,2025-04-29 07:27:08.846396,2025-05-03 07:27:08.846396
507,507,USPS,TRACK-30469,2025-02-26 07:29:10.846396,2025-02-27 07:29:10.846396
508,508,DHL,TRACK-90139,2025-10-27 21:03:30.846396,2025-10-29 21:03:30.846396
509,509,UPS,TRACK-83735,2025-02-10 22:18:01.846396,2025-02-11 22:18:01.846396
510,510,UPS,TRACK-40331,2025-11-10 01:21:06.846396,2025-11-14 01:21:06.846396
511,511,FedEx,TRACK-73936,2025-03-15 07:28:58.846396,
512,512,UPS,TRACK-38546,2025-01-20 13:42:20.846396,2025-01-23 13:42:20.846396
513,513,USPS,TRACK-78544,2025-06-24 19:18:08.846396,2025-06-25 19:18:08.846396
514,514,UPS,TRACK-58771,2025-09-08 01:17:37.846396,2025-09-10 01:17:37.846396
515,515,USPS,TRACK-75355,2025-06-30 04:42:45.846396,2025-07-04 04:42:45.846396
516,516,FedEx,TRACK-60932,2025-06-22 17:36:46.846396,2025-06-27 17:36:46.846396
517,517,UPS,TRACK-04899,2024-12-22 09:22:24.846396,2024-12-26 09:22:24.846396
518,518,UPS,TRACK-64235,2024-12-25 20:36:24.846396,2024-12-30 20:36:24.846396
519,519,USPS,TRACK-36937,2025-01-31 01:02:09.846396,2025-02-05 01:02:09.846396
520,520,FedEx,TRACK-85477,2024-11-13 22:04:26.846396,
521,521,USPS,TRACK-72522,2025-01-14 14:01:43.846396,2025-01-18 14:01:43.846396
522,522,DHL,TRACK-87280,2025-08-20 05:30:27.846396,2025-08-25 05:30:27.846396
523,523,DHL,TRACK-80100,2025-05-10 07:01:43.846396,2025-05-13 07:01:43.846396
524,524,UPS,TRACK-62312,2025-05-26 11:17:58.846396,2025-05-29 11:17:58.846396
525,525,USPS,TRACK-03875,2025-08-24 19:41:17.846396,2025-08-29 19:41:17.846396
526,526,FedEx,TRACK-09977,2025-05-25 17:01:17.846396,2025-05-29 17:01:17.846396
527,527,USPS,TRACK-00886,2025-07-19 16:09:48.846396,2025-07-20 16:09:48.846396
528,528,USPS,TRACK-00848,2025-06-14 21:45:50.846396,2025-06-15 21:45:50.846396
529,529,DHL,TRACK-40862,2025-03-16 09:36:25.846396,2025-03-21 09:36:25.846396
530,530,USPS,TRACK-11823,2025-07-04 14:44:42.846396,
531,531,USPS,TRACK-39845,2025-04-28 09:25:50.846396,2025-05-03 09:25:50.846396
532,532,FedEx,TRACK-46156,2025-06-17 10:33:13.846396,2025-06-19 10:33:13.846396
533,533,DHL,TRACK-79334,2025-09-15 18:09:47.846396,2025-09-16 18:09:47.846396
534,534,DHL,TRACK-10166,2025-04-19 21:27:41.846396,2025-04-23 21:27:41.846396
535,535,USPS,TRACK-68700,2025-04-26 00:32:31.846396,2025-04-30 00:32:31.846396
536,536,DHL,TRACK-21765,2025-08-28 18:07:29.846396,2025-08-29 18:07:29.846396
537,537,USPS,TRACK-91803,2025-08-19 11:49:48.846396,2025-08-22 11:49:48.846396
538,538,USPS,TRACK-39740,2025-06-23 21:27:26.846396,2025-06-25 21:27:26.846396
539,539,UPS,TRACK-14890,2025-07-24 15:55:03.846396,2025-07-27 15:55:03.846396
540,540,UPS,TRACK-25039,2025-10-14 16:27:44.846396,2025-10-16 16:27:44.846396
541,541,UPS,TRACK-26142,2025-06-29 08:37:13.846396,2025-07-02 08:37:13.846396
542,542,UPS,TRACK-93968,2025-07-30 02:04:48.846396,2025-08-03 02:04:48.846396
543,543,UPS,TRACK-56218,2025-08-12 08:28:14.846396,2025-08-15 08:28:14.846396
544,544,USPS,TRACK-50163,2025-10-09 23:46:32.846396,2025-10-14 23:46:32.846396
545,545,UPS,TRACK-15999,2025-10-07 10:23:50.846396,2025-10-09 10:23:50.846396
546,546,UPS,TRACK-65047,2024-11-12 14:26:25.846396,2024-11-13 14:26:25.846396
547,547,DHL,TRACK-73586,2025-08-03 07:09:58.846396,2025-08-07 07:09:58.846396
548,548,UPS,TRACK-62961,2025-05-19 01:05:27.846396,2025-05-22 01:05:27.846396
549,549,DHL,TRACK-94311,2025-01-24 23:24:36.846396,2025-01-29 23:24:36.846396
550,550,DHL,TRACK-42626,2025-06-08 13:58:34.846396,
551,551,USPS,TRACK-55110,2025-05-07 03:25:42.846396,2025-05-08 03:25:42.846396
552,552,DHL,TRACK-47541,2025-07-10 14:24:16.846396,2025-07-11 14:24:16.846396
553,553,USPS,TRACK-21267,2025-04-09 12:28:37.846396,2025-04-11 12:28:37.846396
554,554,USPS,TRACK-88861,2025-10-09 14:49:55.846396,2025-10-13 14:49:55.846396
555,555,UPS,TRACK-01581,2025-08-03 17:12:06.846396,2025-08-06 17:12:06.846396
556,556,DHL,TRACK-99560,2025-06-16 03:40:23.846396,2025-06-17 03:40:23.846396
557,557,DHL,TRACK-46618,2025-02-15 10:10:09.846396,2025-02-16 10:10:09.846396
558,558,FedEx,TRACK-39826,2025-09-20 18:02:04.846396,2025-09-22 18:02:04.846396
559,559,DHL,TRACK-22444,2024-11-15 18:40:14.846396,2024-11-19 18:40:14.846396
560,560,FedEx,TRACK-72126,2025-09-03 14:33:17.846396,2025-09-06 14:33:17.846396
561,561,FedEx,TRACK-46471,2025-02-16 03:30:33.846396,2025-02-21 03:30:33.846396
562,562,USPS,TRACK-54379,2025-08-07 10:07:10.846396,2025-08-12 10:07:10.846396
563,563,UPS,TRACK-93712,2025-05-28 08:13:20.846396,2025-06-01 08:13:20.846396
564,564,DHL,TRACK-40659,2025-09-20 17:07:54.846396,2025-09-23 17:07:54.846396
565,565,DHL,TRACK-65756,2024-12-25 15:43:37.846396,2024-12-28 15:43:37.846396
566,566,DHL,TRACK-92459,2025-01-05 17:30:53.846396,2025-01-08 17:30:53.846396
567,567,USPS,TRACK-37526,2025-06-11 08:33:55.846396,2025-06-15 08:33:55.846396
568,568,FedEx,TRACK-54793,2025-02-15 04:34:09.846396,2025-02-19 04:34:09.846396
569,569,UPS,TRACK-56465,2025-02-05 07:03:14.846396,2025-02-09 07:03:14.846396
570,570,USPS,TRACK-19398,2025-02-11 22:18:13.846396,
571,571,UPS,TRACK-28073,2024-11-13 04:29:39.846396,2024-11-16 04:29:39.846396
572,572,FedEx,TRACK-74167,2025-07-26 10:37:40.846396,2025-07-31 10:37:40.846396
573,573,FedEx,TRACK-24342,2025-06-10 03:00:37.846396,2025-06-12 03:00:37.846396
574,574,DHL,TRACK-66179,2024-11-27 18:52:46.846396,2024-11-30 18:52:46.846396
575,575,FedEx,TRACK-79688,2025-08-12 21:21:37.846396,2025-08-15 21:21:37.846396
576,576,UPS,TRACK-68058,2025-07-24 06:51:54.846396,2025-07-27 06:51:54.846396
577,577,USPS,TRACK-91135,2025-03-29 06:37:27.846396,2025-03-31 06:37:27.846396
578,578,UPS,TRACK-29096,2025-06-22 06:44:32.846396,2025-06-27 06:44:32.846396
579,579,DHL,TRACK-56101,2025-10-10 19:51:45.846396,2025-10-14 19:51:45.846396
580,580,FedEx,TRACK-43888,2025-05-10 14:01:02.846396,2025-05-15 14:01:02.846396
581,581,FedEx,TRACK-99375,2025-09-08 23:36:58.846396,2025-09-11 23:36:58.846396
582,582,DHL,TRACK-67982,2025-02-04 09:17:01.846396,2025-02-09 09:17:01.846396
583,583,UPS,TRACK-50714,2025-08-29 23:37:23.846396,2025-08-31 23:37:23.846396
584,584,DHL,TRACK-61125,2025-02-07 22:38:02.846396,2025-02-08 22:38:02.846396
585,585,USPS,TRACK-45738,2025-03-29 05:34:46.846396,2025-03-30 05:34:46.846396
586,586,DHL,TRACK-75717,2024-12-13 20:56:50.846396,
587,587,FedEx,TRACK-75140,2025-03-18 16:10:29.846396,2025-03-23 16:10:29.846396
588,588,FedEx,TRACK-10512,2025-06-01 04:40:15.846396,2025-06-04 04:40:15.846396
589,589,DHL,TRACK-38282,2025-09-28 01:55:54.846396,2025-09-29 01:55:54.846396
590,590,USPS,TRACK-58673,2024-12-29 01:31:03.846396,
591,591,FedEx,TRACK-62266,2025-06-30 04:37:09.846396,2025-07-05 04:37:09.846396
592,592,FedEx,TRACK-09379,2024-12-25 03:32:30.846396,2024-12-29 03:32:30.846396
593,593,USPS,TRACK-66033,2025-05-31 18:46:52.846396,2025-06-02 18:46:52.846396
594,594,USPS,TRACK-41918,2025-04-23 21:10:32.846396,2025-04-27 21:10:32.846396
595,595,USPS,TRACK-25537,2025-08-30 04:31:15.846396,2025-09-03 04:31:15.846396
596,596,DHL,TRACK-14785,2025-09-24 03:34:59.846396,2025-09-29 03:34:59.846396
597,597,DHL,TRACK-96969,2025-07-03 10:52:29.846396,2025-07-04 10:52:29.846396
598,598,DHL,TRACK-15579,2025-10-09 21:50:27.846396,2025-10-11 21:50:27.846396
599,599,FedEx,TRACK-24991,2025-05-16 19:58:00.846396,
600,600,USPS,TRACK-25134,2025-02-01 12:44:08.846396,2025-02-06 12:44:08.846396
601,601,DHL,TRACK-12528,2025-03-11 02:28:41.846396,2025-03-13 02:28:41.846396
602,602,DHL,TRACK-66929,2024-11-10 18:37:14.846396,2024-11-13 18:37:14.846396
603,603,USPS,TRACK-66278,2025-03-08 05:45:45.846396,2025-03-09 05:45:45.846396
604,604,DHL,TRACK-28274,2025-11-02 23:21:33.846396,2025-11-03 23:21:33.846396
605,605,FedEx,TRACK-22579,2025-07-10 13:25:44.846396,
606,606,DHL,TRACK-05072,2025-01-01 14:36:27.846396,2025-01-02 14:36:27.846396
607,607,USPS,TRACK-36887,2025-05-26 15:41:52.846396,
608,608,DHL,TRACK-67677,2025-08-23 11:09:31.846396,2025-08-24 11:09:31.846396
609,609,UPS,TRACK-21903,2025-03-01 09:43:04.846396,2025-03-03 09:43:04.846396
610,610,DHL,TRACK-40438,2025-10-29 02:57:25.846396,2025-11-01 02:57:25.846396
611,611,DHL,TRACK-42797,2025-01-12 08:18:57.846396,2025-01-17 08:18:57.846396
612,612,DHL,TRACK-88191,2025-04-20 15:56:28.846396,2025-04-21 15:56:28.846396
613,613,USPS,TRACK-48580,2025-03-20 06:59:55.846396,2025-03-25 06:59:55.846396
614,614,UPS,TRACK-78361,2025-04-01 11:49:36.846396,2025-04-05 11:49:36.846396
615,615,UPS,TRACK-34074,2025-09-19 05:24:05.846396,2025-09-21 05:24:05.846396
616,616,USPS,TRACK-51713,2024-12-07 19:33:51.846396,2024-12-12 19:33:51.846396
617,617,DHL,TRACK-39596,2025-07-22 10:04:55.846396,2025-07-25 10:04:55.846396
618,618,USPS,TRACK-29233,2025-05-16 22:22:21.846396,2025-05-17 22:22:21.846396
619,619,USPS,TRACK-09584,2025-05-17 06:44:33.846396,2025-05-19 06:44:33.846396
620,620,FedEx,TRACK-98254,2024-11-17 08:14:07.846396,2024-11-20 08:14:07.846396
621,621,DHL,TRACK-49481,2024-11-30 13:03:06.846396,2024-12-01 13:03:06.846396
622,622,FedEx,TRACK-26042,2025-11-07 05:05:34.846396,2025-11-12 05:05:34.846396
623,623,DHL,TRACK-23253,2024-12-26 10:10:17.846396,
624,624,UPS,TRACK-67294,2025-04-01 13:53:38.846396,2025-04-04 13:53:38.846396
625,625,FedEx,TRACK-66711,2025-01-26 06:22:46.846396,2025-01-28 06:22:46.846396
626,626,DHL,TRACK-68457,2025-10-11 10:16:00.846396,2025-10-15 10:16:00.846396
627,627,USPS,TRACK-75901,2025-03-14 12:57:30.846396,2025-03-16 12:57:30.846396
628,628,USPS,TRACK-75186,2025-06-29 09:08:35.846396,2025-07-02 09:08:35.846396
629,629,UPS,TRACK-36374,2025-10-12 17:14:43.846396,2025-10-15 17:14:43.846396
630,630,USPS,TRACK-54589,2025-11-03 11:15:48.846396,2025-11-07 11:15:48.846396
631,631,UPS,TRACK-29750,2025-07-29 20:17:21.846396,2025-08-02 20:17:21.846396
632,632,FedEx,TRACK-01701,2025-03-25 15:08:54.846396,2025-03-29 15:08:54.846396
633,633,FedEx,TRACK-27706,2025-08-06 13:10:32.846396,2025-08-08 13:10:32.846396
634,634,USPS,TRACK-32424,2025-07-22 03:25:24.846396,2025-07-27 03:25:24.846396
635,635,DHL,TRACK-15415,2025-08-26 16:55:34.846396,2025-08-29 16:55:34.846396
636,636,USPS,TRACK-20643,2025-08-30 15:02:58.846396,2025-09-01 15:02:58.846396
637,637,UPS,TRACK-61103,2024-11-17 19:45:14.846396,2024-11-20 19:45:14.846396
638,638,USPS,TRACK-71293,2025-01-28 17:21:57.846396,2025-02-01 17:21:57.846396
639,639,DHL,TRACK-87005,2025-10-10 02:07:08.846396,2025-10-13 02:07:08.846396
640,640,DHL,TRACK-16271,2025-04-20 20:43:35.846396,2025-04-24 20:43:35.846396
641,641,FedEx,TRACK-36111,2025-07-26 12:46:04.846396,2025-07-27 12:46:04.846396
642,642,FedEx,TRACK-55426,2025-06-06 13:21:35.846396,2025-06-07 13:21:35.846396
643,643,FedEx,TRACK-22189,2024-12-25 06:59:15.846396,2024-12-27 06:59:15.846396
644,644,USPS,TRACK-32697,2025-04-11 07:22:40.846396,2025-04-13 07:22:40.846396
645,645,USPS,TRACK-31121,2025-05-17 08:23:35.846396,
646,646,USPS,TRACK-96565,2025-03-17 16:19:56.846396,2025-03-18 16:19:56.846396
647,647,UPS,TRACK-23413,2025-08-11 23:27:47.846396,
648,648,USPS,TRACK-89994,2025-10-14 00:33:00.846396,2025-10-15 00:33:00.846396
649,649,FedEx,TRACK-04389,2025-08-11 19:31:18.846396,2025-08-13 19:31:18.846396
650,650,DHL,TRACK-83640,2025-11-06 21:02:18.846396,2025-11-08 21:02:18.846396
651,651,UPS,TRACK-37613,2025-06-11 00:24:44.846396,2025-06-14 00:24:44.846396
652,652,USPS,TRACK-79180,2025-07-29 15:42:40.846396,2025-08-01 15:42:40.846396
653,653,UPS,TRACK-55269,2025-08-27 13:07:04.846396,2025-08-29 13:07:04.846396
654,654,FedEx,TRACK-65827,2025-03-25 22:19:09.846396,2025-03-26 22:19:09.846396
655,655,USPS,TRACK-10910,2025-03-26 19:21:20.846396,2025-03-30 19:21:20.846396
656,656,FedEx,TRACK-43006,2025-01-01 16:30:30.846396,2025-01-03 16:30:30.846396
657,657,FedEx,TRACK-84866,2025-04-20 01:39:03.846396,2025-04-23 01:39:03.846396
658,658,DHL,TRACK-61889,2025-06-30 22:04:31.846396,2025-07-02 22:04:31.846396
659,659,USPS,TRACK-24141,2025-02-01 21:55:35.846396,2025-02-06 21:55:35.846396
660,660,FedEx,TRACK-83285,2025-04-25 16:15:02.846396,
661,661,FedEx,TRACK-69146,2025-08-01 12:37:57.846396,2025-08-06 12:37:57.846396
662,662,FedEx,TRACK-30316,2024-11-24 01:34:25.846396,2024-11-27 01:34:25.846396
663,663,FedEx,TRACK-17990,2025-03-15 14:17:56.846396,2025-03-19 14:17:56.846396
664,664,USPS,TRACK-02758,2024-11-15 13:05:44.846396,2024-11-17 13:05:44.846396
665,665,USPS,TRACK-84252,2025-05-22 09:47:55.846396,2025-05-25 09:47:55.846396
666,666,UPS,TRACK-41056,2025-03-25 13:34:49.846396,2025-03-26 13:34:49.846396
667,667,DHL,TRACK-48149,2025-06-22 15:32:21.846396,
668,668,USPS,TRACK-17785,2025-07-07 12:41:38.846396,
669,669,USPS,TRACK-07925,2025-06-04 04:54:49.846396,2025-06-07 04:54:49.846396
670,670,USPS,TRACK-24191,2025-02-06 23:44:13.846396,2025-02-11 23:44:13.846396
671,671,USPS,TRACK-38000,2025-06-26 16:15:42.846396,2025-07-01 16:15:42.846396
672,672,DHL,TRACK-30756,2025-03-13 10:25:01.846396,2025-03-16 10:25:01.846396
673,673,UPS,TRACK-22086,2025-07-15 13:04:13.846396,
674,674,USPS,TRACK-35365,2025-06-10 18:06:44.846396,2025-06-12 18:06:44.846396
675,675,FedEx,TRACK-41951,2025-08-14 11:33:40.846396,2025-08-15 11:33:40.846396
676,676,FedEx,TRACK-80238,2025-07-15 23:22:34.846396,2025-07-18 23:22:34.846396
677,677,USPS,TRACK-06174,2025-03-26 17:23:49.846396,
678,678,USPS,TRACK-45187,2024-11-25 21:04:43.846396,2024-11-30 21:04:43.846396
679,679,UPS,TRACK-05349,2025-09-02 19:19:29.846396,
680,680,UPS,TRACK-49375,2025-03-14 20:33:15.846396,
681,681,USPS,TRACK-97383,2025-05-30 23:46:05.846396,2025-06-02 23:46:05.846396
682,682,DHL,TRACK-20603,2025-04-21 23:54:47.846396,2025-04-26 23:54:47.846396
683,683,DHL,TRACK-85050,2025-05-11 07:31:04.846396,2025-05-15 07:31:04.846396
684,684,USPS,TRACK-64138,2025-07-19 06:35:18.846396,2025-07-22 06:35:18.846396
685,685,USPS,TRACK-36702,2024-12-24 12:53:43.846396,
686,686,FedEx,TRACK-41038,2025-08-06 04:15:11.846396,2025-08-10 04:15:11.846396
687,687,USPS,TRACK-65719,2025-01-14 23:15:24.846396,2025-01-16 23:15:24.846396
688,688,FedEx,TRACK-18261,2024-11-22 16:13:41.846396,2024-11-26 16:13:41.846396
689,689,UPS,TRACK-99062,2025-05-13 13:29:27.846396,2025-05-17 13:29:27.846396
690,690,USPS,TRACK-34456,2025-05-04 21:50:13.846396,2025-05-07 21:50:13.846396
691,691,DHL,TRACK-55743,2025-06-21 10:07:30.846396,2025-06-26 10:07:30.846396
692,692,USPS,TRACK-13291,2025-08-24 09:11:41.846396,2025-08-26 09:11:41.846396
693,693,UPS,TRACK-21277,2025-02-07 00:37:36.846396,2025-02-11 00:37:36.846396
694,694,DHL,TRACK-56185,2024-11-10 07:42:23.846396,2024-11-14 07:42:23.846396
695,695,UPS,TRACK-37474,2025-09-13 22:26:10.846396,2025-09-17 22:26:10.846396
696,696,DHL,TRACK-11249,2024-12-31 04:54:56.846396,2025-01-02 04:54:56.846396
697,697,USPS,TRACK-03521,2025-03-13 23:28:38.846396,2025-03-14 23:28:38.846396
698,698,FedEx,TRACK-35680,2025-11-10 10:07:09.846396,2025-11-13 10:07:09.846396
699,699,USPS,TRACK-44206,2025-03-28 18:29:04.846396,2025-04-01 18:29:04.846396
700,700,UPS,TRACK-78831,2025-01-02 10:53:48.846396,2025-01-04 10:53:48.846396
701,701,USPS,TRACK-71210,2025-06-14 16:54:23.846396,2025-06-18 16:54:23.846396
702,702,USPS,TRACK-03236,2025-08-14 00:30:58.846396,2025-08-19 00:30:58.846396
703,703,USPS,TRACK-51994,2025-10-28 19:03:48.846396,2025-11-02 19:03:48.846396
704,704,UPS,TRACK-10137,2025-04-10 11:34:52.846396,
705,705,FedEx,TRACK-21510,2025-05-06 17:02:37.846396,2025-05-11 17:02:37.846396
706,706,DHL,TRACK-70296,2025-08-14 14:14:24.846396,2025-08-17 14:14:24.846396
707,707,USPS,TRACK-67066,2025-11-07 11:58:43.846396,2025-11-12 11:58:43.846396
708,708,FedEx,TRACK-25324,2025-02-01 12:48:00.846396,2025-02-05 12:48:00.846396
709,709,DHL,TRACK-47209,2025-06-05 07:01:29.846396,
710,710,DHL,TRACK-99347,2025-04-04 21:40:41.846396,2025-04-09 21:40:41.846396
711,711,DHL,TRACK-68701,2025-08-30 06:51:46.846396,2025-09-03 06:51:46.846396
712,712,FedEx,TRACK-46263,2024-11-11 02:25:08.846396,2024-11-15 02:25:08.846396
713,713,FedEx,TRACK-83806,2025-09-13 04:20:18.846396,2025-09-14 04:20:18.846396
714,714,UPS,TRACK-57875,2025-02-09 10:05:09.846396,2025-02-11 10:05:09.846396
715,715,USPS,TRACK-98564,2025-04-16 01:19:17.846396,2025-04-18 01:19:17.846396
716,716,USPS,TRACK-20593,2024-12-26 10:13:11.846396,2024-12-30 10:13:11.846396
717,717,FedEx,TRACK-04078,2025-05-24 00:17:59.846396,
718,718,UPS,TRACK-59321,2025-06-27 03:46:57.846396,2025-06-28 03:46:57.846396
719,719,DHL,TRACK-33480,2024-12-13 16:21:09.846396,2024-12-15 16:21:09.846396
720,720,UPS,TRACK-39652,2025-05-07 06:33:49.846396,2025-05-09 06:33:49.846396
721,721,DHL,TRACK-23955,2024-12-13 00:56:39.846396,2024-12-17 00:56:39.846396
722,722,DHL,TRACK-90599,2025-07-15 07:42:07.846396,2025-07-17 07:42:07.846396
723,723,FedEx,TRACK-29378,2025-06-02 12:06:52.846396,2025-06-06 12:06:52.846396
724,724,USPS,TRACK-42701,2025-10-25 09:26:01.846396,2025-10-27 09:26:01.846396
725,725,DHL,TRACK-03930,2025-02-04 18:33:53.846396,2025-02-05 18:33:53.846396
726,726,FedEx,TRACK-87059,2024-12-19 02:42:08.846396,2024-12-20 02:42:08.846396
727,727,UPS,TRACK-32525,2025-04-25 13:17:24.846396,2025-04-27 13:17:24.846396
728,728,UPS,TRACK-00292,2025-08-18 22:43:27.846396,2025-08-19 22:43:27.846396
729,729,UPS,TRACK-18515,2025-11-06 09:32:06.846396,2025-11-11 09:32:06.846396
730,730,FedEx,TRACK-69154,2025-06-11 16:17:54.846396,2025-06-15 16:17:54.846396
731,731,DHL,TRACK-52267,2024-12-30 14:41:46.846396,2025-01-03 14:41:46.846396
732,732,FedEx,TRACK-52895,2025-05-09 01:48:37.846396,2025-05-12 01:48:37.846396
733,733,DHL,TRACK-39264,2025-09-01 09:01:18.846396,2025-09-02 09:01:18.846396
734,734,DHL,TRACK-42209,2025-06-03 16:05:16.846396,2025-06-06 16:05:16.846396
735,735,DHL,TRACK-69029,2025-06-04 12:15:44.846396,2025-06-09 12:15:44.846396
736,736,USPS,TRACK-59391,2024-12-07 04:09:08.846396,2024-12-09 04:09:08.846396
737,737,DHL,TRACK-72513,2025-04-16 22:10:17.846396,2025-04-18 22:10:17.846396
738,738,UPS,TRACK-55215,2024-12-30 19:08:59.846396,2025-01-01 19:08:59.846396
739,739,UPS,TRACK-70433,2025-04-26 20:39:34.846396,2025-04-27 20:39:34.846396
740,740,USPS,TRACK-15410,2024-12-22 17:41:34.846396,2024-12-24 17:41:34.846396
741,741,USPS,TRACK-06762,2025-07-18 05:39:19.846396,2025-07-22 05:39:19.846396
742,742,USPS,TRACK-67658,2024-12-15 22:10:40.846396,2024-12-19 22:10:40.846396
743,743,FedEx,TRACK-61793,2025-08-04 07:33:18.846396,
744,744,FedEx,TRACK-27104,2024-12-12 19:56:02.846396,2024-12-15 19:56:02.846396
745,745,DHL,TRACK-05411,2025-11-04 18:05:58.846396,2025-11-07 18:05:58.846396
746,746,FedEx,TRACK-52621,2025-06-05 09:59:05.846396,2025-06-09 09:59:05.846396
747,747,UPS,TRACK-81599,2025-07-20 08:28:43.846396,2025-07-25 08:28:43.846396
748,748,USPS,TRACK-70629,2025-08-20 23:35:04.846396,2025-08-21 23:35:04.846396
749,749,FedEx,TRACK-62015,2025-10-29 14:08:28.846396,2025-11-02 14:08:28.846396
750,750,UPS,TRACK-33688,2025-02-04 07:41:08.846396,2025-02-06 07:41:08.846396
751,751,UPS,TRACK-44431,2025-10-25 18:22:37.846396,2025-10-29 18:22:37.846396
752,752,USPS,TRACK-06987,2025-10-24 11:10:27.846396,2025-10-25 11:10:27.846396
753,753,DHL,TRACK-20506,2025-09-16 11:09:30.846396,2025-09-18 11:09:30.846396
754,754,USPS,TRACK-14973,2025-11-13 10:15:06.846396,2025-11-16 10:15:06.846396
755,755,DHL,TRACK-10324,2025-07-01 20:01:30.846396,2025-07-03 20:01:30.846396
756,756,UPS,TRACK-17146,2025-08-07 09:33:18.846396,
757,757,DHL,TRACK-77418,2025-07-31 00:28:32.846396,2025-08-05 00:28:32.846396
758,758,UPS,TRACK-62565,2025-04-10 14:47:10.846396,2025-04-13 14:47:10.846396
759,759,FedEx,TRACK-27047,2025-10-04 22:41:17.846396,2025-10-09 22:41:17.846396
760,760,FedEx,TRACK-74349,2025-10-07 21:43:44.846396,2025-10-11 21:43:44.846396
761,761,DHL,TRACK-02115,2024-12-09 08:41:48.846396,2024-12-11 08:41:48.846396
762,762,DHL,TRACK-86938,2024-11-22 10:42:45.846396,2024-11-25 10:42:45.846396
763,763,USPS,TRACK-06868,2025-06-09 00:59:12.846396,2025-06-13 00:59:12.846396
764,764,USPS,TRACK-79374,2025-08-27 17:45:53.846396,2025-08-30 17:45:53.846396
765,765,USPS,TRACK-16089,2025-10-03 04:10:16.846396,2025-10-04 04:10:16.846396
766,766,USPS,TRACK-89921,2025-02-07 10:47:35.846396,2025-02-10 10:47:35.846396
767,767,FedEx,TRACK-72233,2025-07-09 15:30:30.846396,2025-07-10 15:30:30.846396
768,768,FedEx,TRACK-20616,2025-02-13 23:04:13.846396,2025-02-16 23:04:13.846396
769,769,USPS,TRACK-32945,2025-03-07 22:01:51.846396,2025-03-09 22:01:51.846396
770,770,UPS,TRACK-11686,2025-09-08 21:33:22.846396,2025-09-11 21:33:22.846396
771,771,DHL,TRACK-85487,2025-10-04 08:05:51.846396,2025-10-09 08:05:51.846396
772,772,FedEx,TRACK-09986,2025-02-19 05:04:19.846396,2025-02-22 05:04:19.846396
773,773,USPS,TRACK-16229,2025-06-06 12:49:07.846396,
774,774,USPS,TRACK-99119,2025-06-05 07:34:53.846396,2025-06-07 07:34:53.846396
775,775,USPS,TRACK-14856,2025-02-10 13:47:33.846396,
776,776,UPS,TRACK-46799,2025-04-18 09:57:06.846396,2025-04-20 09:57:06.846396
777,777,FedEx,TRACK-70246,2025-02-23 16:59:20.846396,2025-02-26 16:59:20.846396
778,778,UPS,TRACK-29960,2025-01-18 09:13:22.846396,2025-01-19 09:13:22.846396
779,779,FedEx,TRACK-65307,2025-07-15 00:48:23.846396,2025-07-17 00:48:23.846396
780,780,USPS,TRACK-45054,2025-05-20 11:21:46.846396,2025-05-22 11:21:46.846396
781,781,FedEx,TRACK-44713,2025-10-24 11:00:01.846396,
782,782,DHL,TRACK-24754,2025-05-02 22:12:47.846396,2025-05-03 22:12:47.846396
783,783,FedEx,TRACK-69137,2025-09-08 21:59:44.846396,2025-09-12 21:59:44.846396
784,784,USPS,TRACK-36785,2025-04-05 03:27:00.846396,2025-04-06 03:27:00.846396
785,785,DHL,TRACK-08214,2025-05-04 02:38:22.846396,2025-05-05 02:38:22.846396
786,786,FedEx,TRACK-86289,2025-05-12 17:42:38.846396,
787,787,DHL,TRACK-02330,2025-03-01 15:37:38.846396,2025-03-04 15:37:38.846396
788,788,DHL,TRACK-30705,2025-02-04 15:20:04.846396,2025-02-06 15:20:04.846396
789,789,DHL,TRACK-34578,2025-03-18 06:19:09.846396,2025-03-19 06:19:09.846396
790,790,DHL,TRACK-61035,2025-10-14 14:47:11.846396,2025-10-16 14:47:11.846396
791,791,DHL,TRACK-79727,2025-01-09 02:01:28.846396,2025-01-13 02:01:28.846396
792,792,FedEx,TRACK-98552,2025-03-17 04:07:21.846396,2025-03-19 04:07:21.846396
793,793,USPS,TRACK-41406,2025-10-29 09:47:57.846396,2025-11-01 09:47:57.846396
794,794,UPS,TRACK-02933,2024-12-31 05:47:38.846396,2025-01-02 05:47:38.846396
795,795,UPS,TRACK-33468,2025-01-22 02:05:57.846396,
796,796,UPS,TRACK-00722,2025-01-12 21:08:35.846396,2025-01-13 21:08:35.846396
797,797,DHL,TRACK-90349,2025-09-15 18:07:22.846396,2025-09-20 18:07:22.846396
798,798,DHL,TRACK-44665,2025-11-08 01:46:08.846396,2025-11-09 01:46:08.846396
799,799,USPS,TRACK-74374,2025-07-22 18:24:43.846396,2025-07-24 18:24:43.846396
800,800,FedEx,TRACK-89691,2024-11-13 11:18:52.846396,2024-11-18 11:18:52.846396
801,801,USPS,TRACK-08589,2025-10-18 04:50:24.846396,2025-10-20 04:50:24.846396
802,802,UPS,TRACK-94417,2025-01-03 20:10:01.846396,2025-01-07 20:10:01.846396
803,803,FedEx,TRACK-15454,2025-03-27 03:45:14.846396,2025-03-31 03:45:14.846396
804,804,UPS,TRACK-44328,2025-04-04 23:57:55.846396,2025-04-05 23:57:55.846396
805,805,FedEx,TRACK-30965,2025-01-06 14:18:32.846396,
806,806,USPS,TRACK-20744,2025-10-10 17:03:30.846396,2025-10-13 17:03:30.846396
807,807,DHL,TRACK-66609,2025-03-27 14:14:04.846396,2025-03-28 14:14:04.846396
808,808,FedEx,TRACK-93538,2025-06-03 01:25:22.846396,
809,809,UPS,TRACK-75842,2025-07-14 02:12:19.846396,2025-07-16 02:12:19.846396
810,810,UPS,TRACK-82417,2025-11-01 12:59:07.846396,2025-11-02 12:59:07.846396
811,811,FedEx,TRACK-24825,2025-07-18 07:33:53.846396,2025-07-20 07:33:53.846396
812,812,USPS,TRACK-13534,2025-05-21 23:54:23.846396,
813,813,FedEx,TRACK-65549,2025-01-13 04:26:19.846396,2025-01-18 04:26:19.846396
814,814,FedEx,TRACK-47170,2024-12-02 13:09:22.846396,2024-12-04 13:09:22.846396
815,815,DHL,TRACK-99917,2025-10-21 05:57:29.846396,2025-10-22 05:57:29.846396
816,816,UPS,TRACK-38168,2025-03-04 23:10:02.846396,2025-03-09 23:10:02.846396
817,817,FedEx,TRACK-46022,2025-09-20 14:19:04.846396,2025-09-23 14:19:04.846396
818,818,USPS,TRACK-35697,2025-10-19 10:12:11.846396,2025-10-22 10:12:11.846396
819,819,FedEx,TRACK-25217,2024-12-06 11:16:27.846396,2024-12-09 11:16:27.846396
820,820,FedEx,TRACK-52500,2025-07-21 16:52:20.846396,2025-07-24 16:52:20.846396
821,821,UPS,TRACK-74329,2025-04-28 20:58:39.846396,2025-04-30 20:58:39.846396
822,822,FedEx,TRACK-27129,2025-10-04 00:38:09.846396,2025-10-05 00:38:09.846396
823,823,FedEx,TRACK-66667,2025-06-24 07:42:49.846396,2025-06-25 07:42:49.846396
824,824,FedEx,TRACK-60083,2025-04-23 15:10:20.846396,2025-04-25 15:10:20.846396
825,825,DHL,TRACK-50583,2025-06-09 12:09:17.846396,2025-06-11 12:09:17.846396
826,826,USPS,TRACK-00335,2025-09-19 09:23:23.846396,
827,827,UPS,TRACK-42168,2025-02-22 10:41:00.846396,2025-02-26 10:41:00.846396
828,828,UPS,TRACK-94210,2024-12-06 18:57:59.846396,2024-12-11 18:57:59.846396
829,829,DHL,TRACK-44789,2025-09-11 04:04:35.846396,2025-09-12 04:04:35.846396
830,830,USPS,TRACK-85625,2025-01-05 14:23:52.846396,2025-01-06 14:23:52.846396
831,831,UPS,TRACK-75326,2025-05-08 09:55:16.846396,2025-05-11 09:55:16.846396
832,832,USPS,TRACK-03323,2025-11-03 14:43:16.846396,
833,833,UPS,TRACK-09821,2025-06-04 14:44:40.846396,2025-06-07 14:44:40.846396
834,834,UPS,TRACK-50648,2025-01-13 01:09:18.846396,2025-01-17 01:09:18.846396
835,835,DHL,TRACK-90901,2025-05-03 14:46:26.846396,2025-05-05 14:46:26.846396
836,836,USPS,TRACK-00167,2025-09-05 15:20:11.846396,
837,837,FedEx,TRACK-61847,2025-07-23 15:45:08.846396,2025-07-26 15:45:08.846396
838,838,USPS,TRACK-23046,2024-12-04 06:59:33.846396,
839,839,FedEx,TRACK-18499,2025-02-12 07:54:53.846396,2025-02-15 07:54:53.846396
840,840,USPS,TRACK-26189,2025-10-11 08:42:55.846396,2025-10-13 08:42:55.846396
841,841,UPS,TRACK-14117,2025-06-13 09:01:23.846396,2025-06-15 09:01:23.846396
842,842,DHL,TRACK-39348,2025-05-01 21:33:38.846396,
843,843,USPS,TRACK-35642,2025-09-18 05:30:08.846396,2025-09-21 05:30:08.846396
844,844,FedEx,TRACK-08737,2025-08-23 09:52:54.846396,
845,845,FedEx,TRACK-53001,2025-11-11 21:25:47.846396,2025-11-15 21:25:47.846396
846,846,DHL,TRACK-19721,2025-11-10 10:31:09.846396,2025-11-14 10:31:09.846396
847,847,USPS,TRACK-81143,2025-09-30 22:35:16.846396,2025-10-03 22:35:16.846396
848,848,UPS,TRACK-74470,2025-07-16 08:04:10.846396,2025-07-19 08:04:10.846396
849,849,DHL,TRACK-12045,2025-08-10 21:15:38.846396,2025-08-11 21:15:38.846396
850,850,FedEx,TRACK-56110,2024-11-21 00:43:02.846396,2024-11-26 00:43:02.846396
851,851,USPS,TRACK-02255,2025-02-18 20:34:14.846396,2025-02-22 20:34:14.846396
852,852,UPS,TRACK-79415,2025-01-22 13:06:31.846396,2025-01-27 13:06:31.846396
853,853,USPS,TRACK-52166,2024-11-29 23:54:34.846396,2024-12-02 23:54:34.846396
854,854,DHL,TRACK-74676,2025-08-23 19:01:01.846396,2025-08-24 19:01:01.846396
855,855,FedEx,TRACK-21202,2025-08-01 21:19:22.846396,2025-08-06 21:19:22.846396
856,856,DHL,TRACK-16979,2025-06-09 22:14:01.846396,2025-06-12 22:14:01.846396
857,857,USPS,TRACK-72965,2025-03-15 18:14:40.846396,2025-03-18 18:14:40.846396
858,858,UPS,TRACK-90277,2025-11-07 10:25:47.846396,
859,859,FedEx,TRACK-16701,2025-09-13 18:00:12.846396,2025-09-15 18:00:12.846396
860,860,DHL,TRACK-45089,2025-02-08 13:33:41.846396,2025-02-13 13:33:41.846396
861,861,FedEx,TRACK-93588,2025-01-08 00:35:01.846396,2025-01-10 00:35:01.846396
862,862,DHL,TRACK-91637,2025-03-22 15:35:09.846396,
863,863,UPS,TRACK-56289,2025-04-27 03:49:43.846396,2025-05-01 03:49:43.846396
864,864,UPS,TRACK-00287,2025-04-27 08:34:55.846396,2025-04-28 08:34:55.846396
865,865,FedEx,TRACK-72175,2025-07-23 07:42:02.846396,
866,866,DHL,TRACK-35408,2025-04-20 05:58:45.846396,2025-04-24 05:58:45.846396
867,867,FedEx,TRACK-38663,2025-07-23 16:39:10.846396,2025-07-26 16:39:10.846396
868,868,DHL,TRACK-17797,2024-12-24 23:34:17.846396,2024-12-25 23:34:17.846396
869,869,USPS,TRACK-17751,2025-04-29 23:59:11.846396,2025-05-03 23:59:11.846396
870,870,DHL,TRACK-70166,2025-07-09 07:17:16.846396,2025-07-13 07:17:16.846396
871,871,UPS,TRACK-08801,2025-05-06 03:04:35.846396,2025-05-08 03:04:35.846396
872,872,FedEx,TRACK-99488,2024-11-29 22:32:06.846396,2024-12-01 22:32:06.846396
873,873,UPS,TRACK-37550,2025-08-14 21:08:51.846396,2025-08-16 21:08:51.846396
874,874,USPS,TRACK-37589,2025-07-29 03:04:21.846396,2025-08-03 03:04:21.846396
875,875,USPS,TRACK-97571,2025-02-13 22:30:45.846396,
876,876,DHL,TRACK-13055,2025-08-11 06:15:49.846396,2025-08-16 06:15:49.846396
877,877,FedEx,TRACK-48851,2025-09-30 18:36:42.846396,2025-10-05 18:36:42.846396
878,878,USPS,TRACK-02726,2025-08-13 02:41:48.846396,2025-08-16 02:41:48.846396
879,879,UPS,TRACK-14933,2025-01-28 11:42:54.846396,2025-01-31 11:42:54.846396
880,880,UPS,TRACK-16373,2024-12-17 12:49:34.846396,2024-12-18 12:49:34.846396
881,881,FedEx,TRACK-51609,2025-09-01 19:08:18.846396,2025-09-04 19:08:18.846396
882,882,UPS,TRACK-17798,2025-10-02 01:34:32.846396,2025-10-07 01:34:32.846396
883,883,DHL,TRACK-27080,2025-10-23 15:09:27.846396,2025-10-25 15:09:27.846396
884,884,UPS,TRACK-86978,2025-09-19 13:09:09.846396,2025-09-21 13:09:09.846396
885,885,DHL,TRACK-29221,2024-12-18 23:52:25.846396,2024-12-19 23:52:25.846396
886,886,UPS,TRACK-69958,2025-04-15 08:56:04.846396,2025-04-19 08:56:04.846396
887,887,DHL,TRACK-66934,2025-06-03 11:58:20.846396,2025-06-05 11:58:20.846396
888,888,FedEx,TRACK-65472,2025-01-17 01:05:09.846396,2025-01-20 01:05:09.846396
889,889,DHL,TRACK-26984,2025-04-14 10:26:27.846396,2025-04-19 10:26:27.846396
890,890,UPS,TRACK-85833,2025-01-22 15:20:13.846396,2025-01-26 15:20:13.846396
891,891,FedEx,TRACK-39452,2025-05-29 06:24:26.846396,2025-05-30 06:24:26.846396
892,892,USPS,TRACK-28851,2025-05-03 18:33:33.846396,2025-05-04 18:33:33.846396
893,893,DHL,TRACK-58799,2025-02-09 18:53:20.846396,2025-02-14 18:53:20.846396
894,894,UPS,TRACK-68460,2025-02-14 07:30:17.846396,2025-02-16 07:30:17.846396
895,895,DHL,TRACK-81062,2025-08-15 13:30:48.846396,
896,896,UPS,TRACK-00342,2025-02-23 07:59:20.846396,2025-02-28 07:59:20.846396
897,897,FedEx,TRACK-44204,2025-10-17 10:42:55.846396,2025-10-21 10:42:55.846396
898,898,DHL,TRACK-38057,2024-12-14 17:53:43.846396,2024-12-16 17:53:43.846396
899,899,UPS,TRACK-19838,2025-09-23 21:58:46.846396,2025-09-27 21:58:46.846396
900,900,UPS,TRACK-63840,2025-08-26 00:07:15.846396,2025-08-31 00:07:15.846396
901,901,USPS,TRACK-66658,2025-04-17 19:48:47.846396,2025-04-19 19:48:47.846396
902,902,DHL,TRACK-00439,2025-01-16 22:55:19.846396,2025-01-19 22:55:19.846396
903,903,USPS,TRACK-73598,2025-04-14 04:34:49.846396,2025-04-19 04:34:49.846396
904,904,FedEx,TRACK-93347,2025-09-19 13:50:05.846396,2025-09-24 13:50:05.846396
905,905,DHL,TRACK-21228,2025-03-23 09:39:53.846396,2025-03-28 09:39:53.846396
906,906,DHL,TRACK-16064,2025-10-01 11:59:09.846396,2025-10-05 11:59:09.846396
907,907,UPS,TRACK-84229,2025-02-25 12:11:05.846396,2025-02-27 12:11:05.846396
908,908,UPS,TRACK-40572,2025-07-09 10:39:30.846396,2025-07-10 10:39:30.846396
909,909,DHL,TRACK-02590,2025-09-07 21:26:42.846396,
910,910,UPS,TRACK-94798,2024-12-25 01:17:48.846396,2024-12-28 01:17:48.846396
911,911,FedEx,TRACK-51583,2025-03-16 09:12:23.846396,2025-03-17 09:12:23.846396
912,912,DHL,TRACK-28182,2025-06-26 16:38:50.846396,2025-06-30 16:38:50.846396
913,913,UPS,TRACK-68861,2025-01-24 04:27:14.846396,2025-01-28 04:27:14.846396
914,914,DHL,TRACK-53355,2025-03-09 13:08:20.846396,2025-03-13 13:08:20.846396
915,915,UPS,TRACK-54398,2025-10-16 18:22:43.846396,2025-10-17 18:22:43.846396
916,916,FedEx,TRACK-78015,2025-06-27 12:32:27.846396,2025-06-28 12:32:27.846396
917,917,DHL,TRACK-73993,2025-08-03 09:55:03.846396,2025-08-07 09:55:03.846396
918,918,FedEx,TRACK-05616,2025-08-30 17:10:47.846396,
919,919,USPS,TRACK-48408,2025-10-09 13:41:03.846396,2025-10-14 13:41:03.846396
920,920,DHL,TRACK-58877,2025-08-04 01:37:35.846396,
921,921,FedEx,TRACK-04358,2025-09-16 11:05:25.846396,2025-09-18 11:05:25.846396
922,922,USPS,TRACK-11288,2025-03-04 13:39:25.846396,2025-03-06 13:39:25.846396
923,923,UPS,TRACK-01336,2025-02-15 16:34:46.846396,2025-02-20 16:34:46.846396
924,924,FedEx,TRACK-13861,2025-10-16 19:14:12.846396,2025-10-18 19:14:12.846396
925,925,USPS,TRACK-20750,2025-07-12 04:17:00.846396,2025-07-17 04:17:00.846396
926,926,FedEx,TRACK-11024,2025-10-06 01:48:38.846396,
927,927,USPS,TRACK-81934,2025-08-31 08:25:01.846396,
928,928,DHL,TRACK-66766,2024-11-29 07:41:09.846396,
929,929,USPS,TRACK-50618,2025-02-09 05:39:38.846396,2025-02-10 05:39:38.846396
930,930,USPS,TRACK-09190,2024-11-22 21:10:13.846396,2024-11-26 21:10:13.846396
931,931,FedEx,TRACK-15814,2025-07-10 04:23:14.846396,2025-07-13 04:23:14.846396
932,932,UPS,TRACK-49147,2025-01-25 08:03:49.846396,2025-01-27 08:03:49.846396
933,933,FedEx,TRACK-66072,2025-03-25 16:57:24.846396,2025-03-29 16:57:24.846396
934,934,DHL,TRACK-83268,2025-09-07 13:21:24.846396,2025-09-10 13:21:24.846396
935,935,DHL,TRACK-42450,2025-01-07 11:27:11.846396,2025-01-08 11:27:11.846396
936,936,FedEx,TRACK-88210,2025-06-15 16:17:44.846396,2025-06-16 16:17:44.846396
937,937,USPS,TRACK-09968,2025-09-23 08:41:19.846396,2025-09-28 08:41:19.846396
938,938,FedEx,TRACK-81435,2024-12-31 04:24:29.846396,2025-01-05 04:24:29.846396
939,939,USPS,TRACK-36822,2024-11-14 10:29:17.846396,2024-11-19 10:29:17.846396
940,940,DHL,TRACK-23943,2024-12-04 06:08:25.846396,2024-12-08 06:08:25.846396
941,941,FedEx,TRACK-12908,2025-05-09 08:17:48.846396,2025-05-13 08:17:48.846396
942,942,DHL,TRACK-78141,2025-01-18 20:07:01.846396,2025-01-23 20:07:01.846396
943,943,DHL,TRACK-41397,2025-09-10 06:38:48.846396,2025-09-14 06:38:48.846396
944,944,DHL,TRACK-55231,2025-11-06 11:06:33.846396,2025-11-08 11:06:33.846396
945,945,DHL,TRACK-49135,2024-11-11 00:30:16.846396,2024-11-15 00:30:16.846396
946,946,UPS,TRACK-77594,2025-06-11 00:02:24.846396,2025-06-16 00:02:24.846396
947,947,FedEx,TRACK-92995,2025-09-04 20:05:05.846396,2025-09-05 20:05:05.846396
948,948,UPS,TRACK-56205,2025-05-17 09:07:41.846396,2025-05-22 09:07:41.846396
949,949,FedEx,TRACK-33645,2025-08-23 07:09:01.846396,2025-08-27 07:09:01.846396
950,950,USPS,TRACK-25777,2025-08-25 04:27:48.846396,2025-08-30 04:27:48.846396
951,951,FedEx,TRACK-54781,2025-11-04 01:20:44.846396,2025-11-06 01:20:44.846396
952,952,UPS,TRACK-29142,2025-03-05 03:06:37.846396,2025-03-06 03:06:37.846396
953,953,USPS,TRACK-83411,2025-08-01 01:26:03.846396,2025-08-04 01:26:03.846396
954,954,USPS,TRACK-08099,2025-10-25 12:44:43.846396,2025-10-29 12:44:43.846396
955,955,DHL,TRACK-69308,2024-12-23 16:08:29.846396,2024-12-27 16:08:29.846396
956,956,FedEx,TRACK-48872,2024-12-13 20:25:44.846396,2024-12-17 20:25:44.846396
957,957,DHL,TRACK-56394,2024-11-30 00:50:35.846396,2024-12-03 00:50:35.846396
958,958,UPS,TRACK-27881,2025-04-03 08:36:12.846396,2025-04-06 08:36:12.846396
959,959,UPS,TRACK-65803,2025-06-19 11:14:24.846396,2025-06-22 11:14:24.846396
960,960,DHL,TRACK-92827,2024-11-27 08:40:40.846396,2024-11-28 08:40:40.846396
961,961,UPS,TRACK-22992,2025-09-18 17:01:15.846396,2025-09-22 17:01:15.846396
962,962,FedEx,TRACK-75037,2025-10-10 10:51:38.846396,2025-10-15 10:51:38.846396
963,963,USPS,TRACK-31453,2025-05-08 01:14:13.846396,2025-05-12 01:14:13.846396
964,964,FedEx,TRACK-03856,2024-11-20 13:20:54.846396,2024-11-23 13:20:54.846396
965,965,UPS,TRACK-77005,2025-08-25 08:04:27.846396,2025-08-26 08:04:27.846396
966,966,FedEx,TRACK-18449,2025-09-18 17:55:57.846396,2025-09-20 17:55:57.846396
967,967,FedEx,TRACK-89266,2025-03-21 17:13:23.846396,2025-03-23 17:13:23.846396
968,968,FedEx,TRACK-59184,2024-12-16 05:10:12.846396,
969,969,UPS,TRACK-63865,2025-03-21 06:26:05.846396,2025-03-24 06:26:05.846396
970,970,FedEx,TRACK-57790,2025-05-26 07:21:16.846396,2025-05-30 07:21:16.846396
971,971,UPS,TRACK-82723,2025-10-27 03:37:28.846396,
972,972,USPS,TRACK-18432,2025-03-22 13:18:35.846396,2025-03-24 13:18:35.846396
973,973,DHL,TRACK-22591,2025-03-08 22:20:44.846396,2025-03-11 22:20:44.846396
974,974,UPS,TRACK-36517,2024-11-17 20:26:18.846396,2024-11-18 20:26:18.846396
975,975,DHL,TRACK-77392,2025-10-17 23:18:06.846396,2025-10-19 23:18:06.846396
976,976,DHL,TRACK-60302,2025-04-22 23:43:19.846396,2025-04-24 23:43:19.846396
977,977,FedEx,TRACK-99228,2025-10-24 17:46:26.846396,2025-10-29 17:46:26.846396
978,978,USPS,TRACK-09202,2025-03-16 20:30:48.846396,2025-03-17 20:30:48.846396
979,979,FedEx,TRACK-42869,2025-09-20 23:48:46.846396,2025-09-25 23:48:46.846396
980,980,UPS,TRACK-90413,2025-10-21 04:47:15.846396,2025-10-24 04:47:15.846396
981,981,USPS,TRACK-79772,2025-07-15 00:21:54.846396,2025-07-18 00:21:54.846396
982,982,USPS,TRACK-36929,2025-03-30 04:43:11.846396,2025-04-02 04:43:11.846396
983,983,UPS,TRACK-29842,2025-03-05 07:50:45.846396,2025-03-10 07:50:45.846396
984,984,UPS,TRACK-57991,2025-07-14 06:32:20.846396,2025-07-19 06:32:20.846396
985,985,FedEx,TRACK-36621,2025-10-26 17:12:52.846396,2025-10-30 17:12:52.846396
986,986,UPS,TRACK-03886,2025-07-02 22:20:34.846396,2025-07-05 22:20:34.846396
987,987,DHL,TRACK-29127,2025-02-25 00:39:53.846396,2025-02-28 00:39:53.846396
988,988,FedEx,TRACK-99088,2025-09-17 20:18:20.846396,2025-09-19 20:18:20.846396
989,989,USPS,TRACK-11729,2025-03-31 04:00:41.846396,2025-04-05 04:00:41.846396
990,990,FedEx,TRACK-80686,2025-07-26 02:17:08.846396,2025-07-28 02:17:08.846396
991,991,UPS,TRACK-50863,2025-05-18 01:26:07.846396,2025-05-21 01:26:07.846396
992,992,DHL,TRACK-76599,2025-01-17 07:49:04.846396,2025-01-18 07:49:04.846396
993,993,USPS,TRACK-16247,2025-03-27 19:26:08.846396,2025-03-29 19:26:08.846396
994,994,DHL,TRACK-31498,2025-01-25 16:17:42.846396,2025-01-28 16:17:42.846396
995,995,DHL,TRACK-64300,2025-07-26 15:44:46.846396,2025-07-31 15:44:46.846396
996,996,DHL,TRACK-98180,2025-04-20 04:34:03.846396,
997,997,DHL,TRACK-63565,2024-12-07 01:21:20.846396,2024-12-12 01:21:20.846396
998,998,DHL,TRACK-12694,2025-03-23 04:12:01.846396,2025-03-24 04:12:01.846396
999,999,USPS,TRACK-48695,2025-04-29 20:18:29.846396,2025-05-02 20:18:29.846396
1000,1000,UPS,TRACK-94636,2025-03-24 23:22:48.846396,2025-03-27 23:22:48.846396
