shipment_id,order_id,carrier,tracking_number,shipped_date,delivered_date,created_at,updated_at
1,1,FedEx,e2be8e94-08c5-46ec-b41b-2dc02d65d323,2025-10-31 09:50:30,2025-11-03 09:50:30,2025-10-05 19:40:36,2025-10-25 19:40:36
2,2,USPS,81b33d84-f414-41e5-8914-b6138e4ac3a8,2025-11-06 15:44:29,2025-11-07 15:44:29,2025-10-27 19:40:36,2025-11-05 19:40:36
3,9,FedEx,556b74e3-e8d0-4b27-8ad7-edd8ddc6e302,2025-09-07 09:16:40,,2025-10-04 19:40:36,2025-10-20 19:40:36
4,12,FedEx,a36cf987-cc72-4974-82db-218b8b751ca9,2025-08-01 10:09:27,,2025-08-08 19:40:36,2025-10-14 19:40:36
5,26,USPS,5cd2bc24-094b-4c27-9da4-e2f42373fcde,2025-08-18 19:09:00,,2025-10-20 19:40:36,2025-10-27 19:40:36
6,36,UPS,ffc8f49f-bf06-4b82-8979-12f8f5844a60,2025-10-25 04:53:20,,2025-08-22 19:40:36,2025-10-14 19:40:36
7,41,FedEx,f5c46e53-c5ae-49f0-aad9-7b6e8aded0b8,2025-11-04 04:20:22,,2025-09-17 19:40:36,2025-11-01 19:40:36
8,45,DHL,4846a9d3-e004-4415-9828-3883790b4d66,2025-08-26 15:47:24,,2025-10-21 19:40:36,2025-11-06 19:40:36
9,47,DHL,ad39eb56-42a3-4ded-ac07-424f90c914f9,2025-08-16 10:41:42,2025-08-20 10:41:42,2025-09-20 19:40:36,2025-10-22 19:40:36
10,55,FedEx,c19fb104-5a1c-402b-b915-f0adb59f4def,2025-09-23 01:30:12,,2025-08-22 19:40:36,2025-10-18 19:40:36
11,57,USPS,76548ac1-2953-4c0c-bd32-becdd72a7da3,2025-07-19 09:07:16,2025-07-22 09:07:16,2025-09-09 19:40:36,2025-10-28 19:40:36
12,61,USPS,e7bd5fa8-5bc8-4803-8564-6315055eee31,2025-10-22 00:19:07,,2025-11-02 19:40:36,2025-10-18 19:40:36
13,63,UPS,885bb860-2f60-4a94-9d8e-9f8972c0ff65,2025-08-25 04:02:46,,2025-10-12 19:40:36,2025-10-16 19:40:36
14,64,USPS,219677ac-8237-4f00-b611-70baed0d59dd,2025-11-05 11:09:53,2025-11-11 11:09:53,2025-10-16 19:40:36,2025-10-24 19:40:36
15,65,FedEx,bce1a228-b792-434d-9a59-bd8a7023137b,2025-09-18 18:47:30,,2025-09-17 19:40:36,2025-10-25 19:40:36
16,69,UPS,377e1eef-6180-4207-99a9-5947fb04126c,2025-10-16 12:02:10,2025-10-21 12:02:10,2025-10-03 19:40:36,2025-10-08 19:40:36
17,71,UPS,64dad05a-2866-4d62-b9bd-86dbe39913eb,2025-07-13 19:12:43,2025-07-14 19:12:43,2025-10-14 19:40:36,2025-10-13 19:40:36
18,73,FedEx,a0981f04-5ff3-4ac2-ac2a-234b2d97d49c,2025-10-06 09:32:37,2025-10-10 09:32:37,2025-09-21 19:40:36,2025-10-26 19:40:36
19,75,USPS,f93e06ce-79df-4c3f-8aef-37dfb473e243,2025-09-22 23:22:58,2025-09-24 23:22:58,2025-10-31 19:40:36,2025-10-10 19:40:36
20,76,UPS,035f86ce-bbea-4c3a-800f-637fd38fa6c2,2025-10-19 11:47:17,2025-10-20 11:47:17,2025-10-05 19:40:36,2025-11-01 19:40:36
21,82,USPS,2aeb0681-b5d6-4447-827a-e65a43425a39,2025-10-27 14:20:27,2025-11-01 14:20:27,2025-08-31 19:40:36,2025-10-24 19:40:36
22,84,DHL,a55f3577-d8e8-493e-a82f-71fe411d227b,2025-11-04 06:01:50,,2025-09-04 19:40:36,2025-11-06 19:40:36
23,85,DHL,85ee5bea-81f3-466c-a50e-98a32a58b154,2025-09-17 22:40:50,,2025-08-10 19:40:36,2025-10-10 19:40:36
24,88,UPS,7dadb696-8e9c-4b51-95ba-31a86b35e9ec,2025-09-16 16:30:05,2025-09-22 16:30:05,2025-08-22 19:40:36,2025-11-02 19:40:36
25,92,FedEx,464fedf2-0f6f-4ca4-9457-abc27b9ca40b,2025-09-05 00:01:19,,2025-08-25 19:40:36,2025-10-24 19:40:36
26,94,USPS,a978d8e8-1a80-4637-aca0-17147844cb80,2025-09-07 16:31:12,,2025-10-08 19:40:36,2025-10-14 19:40:36
27,98,UPS,82d24742-7e0f-46ac-84b1-3539b35a8618,2025-07-30 22:25:11,2025-08-03 22:25:11,2025-09-06 19:40:36,2025-10-28 19:40:36
28,102,FedEx,c140b922-83ea-42e5-bebe-af22aa1bf6b0,2025-10-19 16:59:15,,2025-08-29 19:40:36,2025-10-31 19:40:36
29,103,USPS,552db3de-2aed-4d1c-a4ab-0678457289e5,2025-10-06 05:04:00,,2025-08-28 19:40:36,2025-10-07 19:40:36
30,105,DHL,67babce0-0bc9-4ece-a720-0ce5d0f4ba3f,2025-11-01 13:31:19,,2025-08-08 19:40:36,2025-10-16 19:40:36
31,107,FedEx,67e06ee1-2c43-4dd0-9cc7-94a20fd9c5a6,2025-10-30 15:05:55,,2025-08-29 19:40:36,2025-10-24 19:40:36
32,109,UPS,a945fd06-0083-4e7e-b85b-1c225fda3155,2025-07-18 23:42:13,2025-07-20 23:42:13,2025-11-02 19:40:36,2025-10-27 19:40:36
33,111,FedEx,a01f1cac-e674-48bf-90f5-1b186390b7e3,2025-08-30 12:52:56,,2025-08-12 19:40:36,2025-10-21 19:40:36
34,112,UPS,1f3aeeb0-6fad-4437-a393-d0509579bfee,2025-07-25 21:31:08,2025-08-01 21:31:08,2025-09-12 19:40:36,2025-10-24 19:40:36
35,113,DHL,6ef82f7d-b4b8-4a90-a8b7-492bbfe3d4d9,2025-10-25 21:41:33,2025-10-27 21:41:33,2025-10-20 19:40:36,2025-10-13 19:40:36
36,115,USPS,469eb810-9457-4c58-9a31-9aae769afd4e,2025-10-31 16:34:39,,2025-08-30 19:40:36,2025-10-26 19:40:36
37,119,FedEx,0f19b93c-6f17-4842-9afd-8bb0e92d4f8c,2025-08-12 13:35:32,,2025-09-09 19:40:36,2025-10-23 19:40:36
38,123,UPS,29d7a943-37e6-47a4-9d52-9d267f330b69,2025-09-14 22:40:56,,2025-09-18 19:40:36,2025-10-17 19:40:36
39,124,FedEx,1375c29c-4388-4eff-98a1-92122e0b58d6,2025-08-17 18:24:13,,2025-10-06 19:40:36,2025-10-18 19:40:36
40,125,FedEx,7a653273-f5e6-4469-931a-fe9ef09d0225,2025-10-05 01:47:06,,2025-09-14 19:40:36,2025-10-27 19:40:36
41,126,FedEx,def71748-112b-4e4b-bc2b-c2733f469447,2025-11-05 19:06:16,,2025-10-24 19:40:36,2025-10-25 19:40:36
42,131,UPS,7e2843f3-b0f1-4f9f-9213-c8aca1efd387,2025-08-22 15:41:42,,2025-09-22 19:40:36,2025-11-04 19:40:36
43,132,FedEx,384cd4a2-1d89-4450-886f-9d569fad7e85,2025-05-20 00:22:13,2025-05-27 00:22:13,2025-09-22 19:40:36,2025-10-25 19:40:36
44,133,DHL,6adea0f7-547e-4160-87c2-e769b45145c7,2025-11-03 04:04:17,2025-11-06 04:04:17,2025-08-19 19:40:36,2025-10-29 19:40:36
45,135,USPS,ed7306b5-6901-4f66-8c21-6999d9d14837,2025-05-24 22:53:00,,2025-11-02 19:40:36,2025-10-25 19:40:36
46,137,UPS,65b1ed7b-281e-4916-9650-e8c043693e22,2025-07-25 15:58:16,,2025-09-02 19:40:36,2025-10-21 19:40:36
47,139,DHL,7c95487b-0640-4d10-8e8f-a2bfd57a5ea8,2025-07-09 14:56:40,2025-07-14 14:56:40,2025-09-27 19:40:36,2025-10-10 19:40:36
48,147,UPS,8eb895e9-7f61-4882-ab7e-d6677ea3e83b,2025-10-17 00:03:15,,2025-08-08 19:40:36,2025-11-03 19:40:36
49,148,UPS,45589cc8-64c2-42c2-8945-ca0b34952beb,2025-10-04 13:03:11,,2025-09-22 19:40:36,2025-10-11 19:40:36
50,151,DHL,5895706c-2ff3-486a-abf7-bcef2abda676,2025-08-18 11:17:10,,2025-09-02 19:40:36,2025-10-19 19:40:36
51,154,DHL,f0e66f1a-0dd2-4714-856f-57c74b2a6021,2025-10-24 20:20:56,,2025-09-02 19:40:36,2025-10-17 19:40:36
52,155,UPS,93c42d29-4325-45d3-b31a-e9bd8aa0098c,2025-11-06 02:56:38,2025-11-08 02:56:38,2025-10-08 19:40:36,2025-10-19 19:40:36
53,166,UPS,a8a2f97c-6e0f-46ec-9478-84ae628a521a,2025-08-06 13:00:45,2025-08-08 13:00:45,2025-09-17 19:40:36,2025-10-25 19:40:36
54,167,UPS,440321d6-99f7-49a1-b6d9-8653f8dfc90a,2025-09-14 07:14:15,,2025-08-21 19:40:36,2025-10-11 19:40:36
55,169,FedEx,769a9a6c-3e62-4dec-89e4-63d7973ff726,2025-07-17 10:02:41,2025-07-23 10:02:41,2025-09-08 19:40:36,2025-10-10 19:40:36
56,174,USPS,e31c651d-2c8e-4b51-8e67-eb7435343ce5,2025-09-17 19:10:07,,2025-10-24 19:40:36,2025-11-04 19:40:36
57,182,UPS,81966e82-cad5-4851-af4c-18431a96f4fe,2025-11-05 12:44:26,2025-11-10 12:44:26,2025-11-03 19:40:36,2025-10-27 19:40:36
58,185,FedEx,50981810-3c33-47f1-9729-4307ca21a376,2025-08-03 10:10:34,2025-08-10 10:10:34,2025-08-18 19:40:36,2025-11-01 19:40:36
59,186,FedEx,2a7a3f0b-2b69-423f-8c85-3a0ae601d49a,2025-07-02 10:41:48,,2025-08-28 19:40:36,2025-10-25 19:40:36
60,187,USPS,38df6293-5edb-49a3-85a4-3ff254e2feca,2025-09-12 21:15:12,,2025-09-21 19:40:36,2025-10-13 19:40:36
61,191,USPS,e6968c45-6a67-417b-845a-3644489df790,2025-09-12 04:02:01,,2025-10-22 19:40:36,2025-10-22 19:40:36
62,193,UPS,1d0c2e17-25e5-4bac-980a-63843328bcd6,2025-06-17 16:02:26,2025-06-21 16:02:26,2025-09-01 19:40:36,2025-10-10 19:40:36
63,194,UPS,873ea142-b126-471e-a5d3-37c69eda3e61,2025-10-25 12:49:53,,2025-08-23 19:40:36,2025-11-02 19:40:36
64,195,USPS,6fe6e38d-9036-4f3d-983c-396ffd968eb4,2025-09-20 05:06:37,,2025-10-01 19:40:36,2025-10-14 19:40:36
65,200,USPS,f2687960-60be-48e3-8890-71bae8b0cbf9,2025-11-03 02:56:51,2025-11-09 02:56:51,2025-10-24 19:40:36,2025-10-08 19:40:36
66,203,UPS,7f67c8bd-6f87-4a07-a98b-b728fae5496e,2025-10-04 01:26:18,2025-10-07 01:26:18,2025-10-11 19:40:36,2025-10-31 19:40:36
67,205,UPS,d2648745-f34f-4579-8c1f-210901386142,2025-09-28 15:03:04,,2025-08-16 19:40:36,2025-10-31 19:40:36
68,207,UPS,d69f78c3-09da-411a-ade2-8c6f3a417b58,2025-08-11 18:25:19,2025-08-14 18:25:19,2025-08-14 19:40:36,2025-10-11 19:40:36
69,208,FedEx,dc1ab47e-c531-43c8-ba7f-ddc6e7142085,2025-10-04 17:25:56,2025-10-09 17:25:56,2025-10-19 19:40:36,2025-10-15 19:40:36
70,215,DHL,90142f8e-7191-4d02-90b0-1f36cc295839,2025-08-10 11:55:25,,2025-09-14 19:40:36,2025-11-04 19:40:36
71,217,USPS,02ea7170-de2b-44d1-9da3-9bb33d072755,2025-11-06 11:18:35,,2025-10-17 19:40:36,2025-10-30 19:40:36
72,220,DHL,be12a058-0bc1-4caa-beb9-39922f486e2b,2025-09-03 13:21:15,,2025-08-15 19:40:36,2025-11-04 19:40:36
73,221,USPS,0066a709-9490-4845-988d-e117469b86b1,2025-10-05 10:04:20,2025-10-07 10:04:20,2025-11-05 19:40:36,2025-10-17 19:40:36
74,223,DHL,81edd6fa-161f-466f-b2a4-d5f32bfdd654,2025-08-01 05:45:35,,2025-09-17 19:40:36,2025-10-21 19:40:36
75,226,UPS,ddfb2f62-3e57-4ae1-ba7e-ed1b3cdfc8da,2025-10-24 21:18:37,,2025-09-02 19:40:36,2025-10-21 19:40:36
76,227,FedEx,f3fd5ee5-f55a-462a-bb02-f3168af843e3,2025-10-12 22:06:19,2025-10-15 22:06:19,2025-09-12 19:40:36,2025-10-31 19:40:36
77,229,USPS,933acf97-2347-4595-8118-49c4f7c4fc4b,2025-08-03 03:06:00,,2025-11-05 19:40:36,2025-10-29 19:40:36
78,232,FedEx,e28c830a-657b-4f98-862b-7ce198b8499a,2025-10-29 04:05:47,2025-11-04 04:05:47,2025-10-24 19:40:36,2025-10-07 19:40:36
79,236,USPS,dd2592e1-06b6-40c5-a6b4-0b4ea5ae9b5c,2025-07-27 00:13:15,2025-07-28 00:13:15,2025-10-16 19:40:36,2025-10-16 19:40:36
80,240,UPS,e20276bc-8008-4221-96ac-ab2c1b316a57,2025-06-12 02:53:29,,2025-10-20 19:40:36,2025-10-26 19:40:36
81,242,FedEx,82c007d5-888e-493b-9c9a-812d0fb1ae10,2025-07-11 23:37:51,2025-07-14 23:37:51,2025-10-02 19:40:36,2025-10-30 19:40:36
82,243,DHL,146b5765-99ea-4270-b1a9-fb85a9889120,2025-10-28 13:06:23,2025-11-03 13:06:23,2025-09-02 19:40:36,2025-10-07 19:40:36
83,246,DHL,18e6d2a5-b774-4144-8d14-06efdbaa039c,2025-10-01 10:58:24,2025-10-02 10:58:24,2025-08-29 19:40:36,2025-11-01 19:40:36
84,247,USPS,e4fdabf8-585f-4e5a-9335-6bbe4c0e6b8b,2025-10-26 06:05:32,,2025-11-03 19:40:36,2025-10-17 19:40:36
85,248,FedEx,cc960b0b-d3e0-40c4-8bfe-df19114fc16f,2025-11-01 21:39:59,2025-11-07 21:39:59,2025-10-24 19:40:36,2025-10-17 19:40:36
86,249,UPS,216da879-ab08-46f4-8433-839388594d59,2025-09-14 07:51:29,2025-09-16 07:51:29,2025-10-22 19:40:36,2025-10-13 19:40:36
87,250,USPS,8c9463b9-f4ea-4381-9e2a-7e36ea57b8ef,2025-08-04 02:49:41,,2025-09-04 19:40:36,2025-10-12 19:40:36
88,251,USPS,5fbc491c-a5b5-4059-b71e-eeb3c44ba7ff,2025-11-06 19:01:45,,2025-08-12 19:40:36,2025-10-16 19:40:36
89,254,FedEx,3890d2cb-6b84-4959-b292-e9b1d9860826,2025-10-06 06:36:08,2025-10-09 06:36:08,2025-08-31 19:40:36,2025-10-07 19:40:36
90,256,FedEx,107f36b2-79a6-4a40-b4cf-703afd196752,2025-09-14 09:17:04,2025-09-15 09:17:04,2025-10-02 19:40:36,2025-10-16 19:40:36
91,262,FedEx,9308255b-28d2-4e6b-bef5-caa50ded99f0,2025-10-23 09:58:01,2025-10-28 09:58:01,2025-10-10 19:40:36,2025-10-09 19:40:36
92,269,UPS,93355e89-9e3c-49dd-91f5-1948ccdff8da,2025-10-05 15:52:55,2025-10-07 15:52:55,2025-09-17 19:40:36,2025-10-10 19:40:36
93,270,UPS,6a5d4a66-6d29-4213-8582-cf079f3ce2a0,2025-08-10 05:38:25,,2025-08-10 19:40:36,2025-10-22 19:40:36
94,271,FedEx,0d24b4da-abe4-4331-96bd-305caeccb346,2025-08-05 02:35:40,2025-08-11 02:35:40,2025-09-19 19:40:36,2025-10-27 19:40:36
95,272,UPS,c7044a8c-38ad-4aba-abfd-a16a2037e39c,2025-10-21 20:05:10,,2025-08-19 19:40:36,2025-10-31 19:40:36
96,277,DHL,cb4c474f-1a71-4ab9-ba7d-e16c6db20926,2025-10-31 23:38:42,2025-11-01 23:38:42,2025-11-04 19:40:36,2025-10-30 19:40:36
97,280,UPS,7c1f5914-5006-4009-aa24-387836d22f64,2025-10-06 02:24:39,,2025-08-22 19:40:36,2025-10-19 19:40:36
98,281,FedEx,c6ef126c-c5df-48b3-9185-3a5bb5416f53,2025-10-18 23:39:44,2025-10-19 23:39:44,2025-10-16 19:40:36,2025-10-31 19:40:36
99,284,FedEx,9ddc2c9a-0858-4dd8-8637-d884b06b4f02,2025-10-14 06:14:14,,2025-09-26 19:40:36,2025-10-21 19:40:36
100,285,UPS,cbf3984b-c2bc-465f-b0ea-e368952bea83,2025-09-19 15:55:12,,2025-10-25 19:40:36,2025-10-15 19:40:36
101,286,FedEx,818944d4-ea2d-4953-9a8c-5044c1eb34b1,2025-08-26 19:09:16,2025-09-01 19:09:16,2025-08-30 19:40:36,2025-11-06 19:40:36
102,287,DHL,6bbac4f5-449d-42ff-b755-a151553b7f8c,2025-09-04 14:25:41,,2025-09-17 19:40:36,2025-10-23 19:40:36
103,292,UPS,67eb5914-3db6-4124-be2a-2846e7a32b36,2025-08-16 06:20:05,2025-08-23 06:20:05,2025-09-17 19:40:36,2025-10-26 19:40:36
104,293,UPS,554c242c-59d0-437d-b90c-8c4558bd53b3,2025-09-07 01:52:35,,2025-08-11 19:40:36,2025-10-14 19:40:36
105,305,FedEx,f31d3666-cda9-4305-b517-c3640bbdd255,2025-11-05 17:20:24,2025-11-12 17:20:24,2025-09-30 19:40:36,2025-10-09 19:40:36
106,322,DHL,fa034233-3304-472b-9fa4-ce0aa930ea01,2025-09-27 23:23:45,2025-10-03 23:23:45,2025-10-22 19:40:36,2025-10-16 19:40:36
107,326,FedEx,825e1692-0835-4108-bc37-f22747468d11,2025-10-16 08:13:08,,2025-10-08 19:40:36,2025-10-18 19:40:36
108,330,FedEx,c136f9ff-c8f1-44c6-accb-f4ed94c4f823,2025-09-29 08:37:07,,2025-10-27 19:40:36,2025-10-23 19:40:36
109,332,USPS,eac2e833-885b-402c-a75a-f886aa6c893a,2025-11-01 09:51:57,,2025-10-19 19:40:36,2025-10-18 19:40:36
110,333,UPS,cc2a7306-8aef-4c74-a9a3-a77f9497ed2b,2025-10-13 20:30:20,,2025-10-05 19:40:36,2025-10-17 19:40:36
111,338,FedEx,a47dde67-4ba8-423c-888c-02416d929ac9,2025-08-31 16:52:23,2025-09-05 16:52:23,2025-11-01 19:40:36,2025-10-21 19:40:36
112,339,USPS,fc688304-1a3a-471f-aba6-cca4b0a1b883,2025-09-10 17:55:59,2025-09-12 17:55:59,2025-10-03 19:40:36,2025-10-18 19:40:36
113,340,UPS,f94a67b1-f2f1-463e-afcb-a4817ae99dc1,2025-10-14 12:16:53,,2025-10-26 19:40:36,2025-11-04 19:40:36
114,342,FedEx,cc01310e-48ce-4d94-b943-48aa81417c11,2025-07-30 13:46:15,2025-08-02 13:46:15,2025-08-18 19:40:36,2025-10-07 19:40:36
115,343,DHL,cc3cf21a-c20e-438c-bc67-7dc3a21acf54,2025-10-06 17:45:39,,2025-08-29 19:40:36,2025-11-02 19:40:36
116,345,USPS,fbecb7db-18dc-4a9e-b964-317d662954d4,2025-11-02 04:06:46,,2025-08-28 19:40:36,2025-10-12 19:40:36
117,353,UPS,8838685e-3d5f-499a-b82b-07ba342040c4,2025-10-23 02:51:32,2025-10-25 02:51:32,2025-09-21 19:40:36,2025-11-06 19:40:36
118,354,USPS,ebff0d5b-138c-4a3a-8c86-3ed029f34c10,2025-07-07 12:13:52,,2025-09-11 19:40:36,2025-10-29 19:40:36
119,364,UPS,04d9b8c1-5ebd-4abb-9863-6dd7b94eb966,2025-10-08 18:22:08,,2025-09-02 19:40:36,2025-10-15 19:40:36
120,368,UPS,b40fb4fc-6981-440d-9db7-27f716a5fe11,2025-10-02 19:07:21,,2025-08-24 19:40:36,2025-10-17 19:40:36
121,372,FedEx,b0d99e37-d131-48d6-85bc-d027e7f55b5e,2025-09-09 18:33:33,2025-09-10 18:33:33,2025-08-12 19:40:36,2025-10-18 19:40:36
122,374,UPS,36740162-7de8-4301-b9eb-519b44eae4e9,2025-08-02 12:46:38,2025-08-03 12:46:38,2025-08-20 19:40:36,2025-10-26 19:40:36
123,379,FedEx,4d5d5100-004a-42c2-8d8e-4987823d32f5,2025-09-27 00:31:26,2025-10-01 00:31:26,2025-10-02 19:40:36,2025-10-23 19:40:36
124,380,DHL,c1b778ea-ccdc-44c0-a0a6-161075814fc2,2025-10-05 00:00:41,,2025-10-04 19:40:36,2025-10-08 19:40:36
125,381,USPS,1967df1b-dc02-467a-a35c-0fb881245258,2025-10-11 01:56:59,,2025-09-25 19:40:36,2025-11-05 19:40:36
126,382,DHL,d6d36af0-7fa6-4a59-98a9-1419e76e2233,2025-10-09 08:15:35,,2025-08-09 19:40:36,2025-10-19 19:40:36
127,383,UPS,e17b6c84-6dd7-45aa-88d8-ce9826e48bfe,2025-09-24 04:45:10,,2025-11-06 19:40:36,2025-10-27 19:40:36
128,384,FedEx,fddaa55f-9251-4c71-b8cf-a947b4a2e069,2025-07-06 03:46:29,2025-07-12 03:46:29,2025-09-15 19:40:36,2025-10-17 19:40:36
129,385,USPS,ed0c3892-b795-4f24-9a51-52499e78eb49,2025-09-21 03:13:06,2025-09-27 03:13:06,2025-10-01 19:40:36,2025-10-28 19:40:36
130,390,UPS,68bfdc52-f47a-4f53-b908-caac49ad3e6b,2025-08-16 01:01:49,2025-08-22 01:01:49,2025-08-09 19:40:36,2025-10-25 19:40:36
131,391,UPS,7b5b43b8-2aa4-45e3-a180-e936b2cdf3fa,2025-10-13 15:56:40,2025-10-16 15:56:40,2025-09-15 19:40:36,2025-10-27 19:40:36
132,398,UPS,86aa0391-7698-4876-916f-c128eb10930b,2025-07-08 19:00:20,,2025-09-03 19:40:36,2025-10-29 19:40:36
133,399,USPS,2d0c59cb-69d4-4d35-8172-d9248a27def7,2025-09-13 09:04:08,2025-09-16 09:04:08,2025-10-18 19:40:36,2025-11-04 19:40:36
134,400,USPS,cf5fc7ab-8837-4d8d-98c1-d32cf9040c9d,2025-10-17 13:33:46,2025-10-20 13:33:46,2025-08-19 19:40:36,2025-10-15 19:40:36
135,401,USPS,7a772f47-d499-4c0d-9449-b11d21417c81,2025-09-19 08:31:21,,2025-09-24 19:40:36,2025-10-23 19:40:36
136,405,UPS,edfb136b-6f81-4187-96d9-bd5a77ea4d56,2025-10-10 18:28:12,2025-10-13 18:28:12,2025-10-26 19:40:36,2025-10-18 19:40:36
137,407,DHL,f1c74787-cde5-401c-941f-90da2bd82773,2025-08-12 11:48:20,,2025-08-22 19:40:36,2025-11-03 19:40:36
138,411,DHL,c1ffa349-285c-42ab-a1fa-5449b1f3073e,2025-10-14 13:36:28,,2025-09-28 19:40:36,2025-10-09 19:40:36
139,413,FedEx,b864074c-f0f3-4884-bedb-dfc882e027cb,2025-09-20 06:59:11,2025-09-25 06:59:11,2025-10-17 19:40:36,2025-10-17 19:40:36
140,422,UPS,1ed4634c-0caa-4e0c-b54e-f545477e191a,2025-09-11 09:34:25,2025-09-13 09:34:25,2025-10-29 19:40:36,2025-10-22 19:40:36
141,423,DHL,46e0a937-f582-4db5-aee0-fe286c6103ee,2025-10-29 23:13:52,,2025-10-13 19:40:36,2025-10-15 19:40:36
142,424,FedEx,04ca3a68-d778-4d26-ba7f-ca531468febd,2025-10-31 23:47:38,,2025-11-06 19:40:36,2025-10-28 19:40:36
143,428,DHL,62add8d2-f26d-434e-8342-5e0e19e3767c,2025-10-30 07:05:06,,2025-08-16 19:40:36,2025-10-16 19:40:36
144,431,UPS,19b6713c-730e-4911-a9c5-89aff637592f,2025-11-05 02:02:59,2025-11-07 02:02:59,2025-08-11 19:40:36,2025-10-19 19:40:36
145,432,USPS,2a395bad-6582-442e-a9e1-d6aaadb5872c,2025-10-31 14:52:04,,2025-10-12 19:40:36,2025-10-09 19:40:36
146,437,DHL,bdc64992-9cdd-4ba3-8724-cb0ced952203,2025-07-28 23:37:01,,2025-10-08 19:40:36,2025-11-03 19:40:36
147,444,FedEx,d9752d12-77e3-4395-9149-6631b466f31d,2025-10-12 12:03:19,,2025-09-16 19:40:36,2025-11-01 19:40:36
148,445,FedEx,35db071f-b2d0-430b-b9a3-0ff0437fe80c,2025-10-11 01:35:58,2025-10-13 01:35:58,2025-09-14 19:40:36,2025-10-30 19:40:36
149,446,UPS,5a68c6e3-af36-4864-821d-4f7be695f53a,2025-10-31 22:27:22,,2025-09-20 19:40:36,2025-11-02 19:40:36
150,447,FedEx,930721c9-2ad1-440c-b5d2-15c3db040d9d,2025-10-13 06:45:02,,2025-08-31 19:40:36,2025-10-22 19:40:36
151,449,FedEx,31d6e2ac-0ab4-43e8-93b0-f44df8f0468f,2025-10-11 02:34:51,,2025-08-18 19:40:36,2025-11-02 19:40:36
152,450,UPS,dcd68f54-4308-4b61-ac17-0b813f8cefee,2025-10-02 21:27:58,2025-10-09 21:27:58,2025-10-19 19:40:36,2025-10-07 19:40:36
153,451,DHL,89a37aab-1575-4637-a9e6-df6b50d11227,2025-10-22 13:41:58,,2025-11-01 19:40:36,2025-10-30 19:40:36
154,456,DHL,ef5177c7-c72a-40ff-ba0c-37473820e111,2025-09-21 02:16:31,,2025-08-20 19:40:36,2025-10-07 19:40:36
155,459,UPS,092d90ee-3598-476d-859e-369ac9744761,2025-11-04 11:47:32,2025-11-08 11:47:32,2025-09-03 19:40:36,2025-10-22 19:40:36
156,461,USPS,3addd3bd-cea2-43f3-b65b-92372b5f759e,2025-09-23 20:18:57,2025-09-30 20:18:57,2025-10-02 19:40:36,2025-10-16 19:40:36
157,462,DHL,f2f40ab6-5e7e-4ac7-a0ae-612dac665dee,2025-09-11 03:23:40,,2025-10-18 19:40:36,2025-11-02 19:40:36
158,463,DHL,5371a090-7c10-43d0-af54-824db13259df,2025-11-05 08:22:25,2025-11-11 08:22:25,2025-10-25 19:40:36,2025-10-16 19:40:36
159,464,DHL,dd6debf3-0c36-4841-9742-f0f0c8dad223,2025-09-21 18:25:25,2025-09-23 18:25:25,2025-10-08 19:40:36,2025-11-06 19:40:36
160,467,USPS,8e78aee5-ed87-4f47-9ce4-c511bec242bc,2025-11-05 08:51:11,2025-11-10 08:51:11,2025-09-12 19:40:36,2025-10-15 19:40:36
161,472,DHL,e1a63a70-0d9d-497f-81b9-7b57654fea42,2025-11-01 13:46:29,2025-11-06 13:46:29,2025-08-19 19:40:36,2025-11-01 19:40:36
162,474,USPS,7a1c2268-47ab-4e8d-8d68-aaf01ff77599,2025-06-24 11:26:11,,2025-09-07 19:40:36,2025-10-12 19:40:36
163,475,DHL,e660b350-0059-405d-b881-c19737d26699,2025-10-01 13:50:18,,2025-10-07 19:40:36,2025-10-25 19:40:36
164,477,UPS,25966318-bd22-4202-80d5-f1cb7b27ec65,2025-10-28 00:29:42,,2025-09-07 19:40:36,2025-11-04 19:40:36
165,487,UPS,7213cc16-2157-4d90-aa73-712d52f8fb1c,2025-08-08 14:32:35,2025-08-12 14:32:35,2025-08-21 19:40:36,2025-10-30 19:40:36
166,488,UPS,1136f812-0814-4a56-b3d1-b263973b3089,2025-10-14 02:00:39,,2025-10-17 19:40:36,2025-10-23 19:40:36
167,490,FedEx,d77fc1e1-dd90-4fb8-8940-b21ff849b7aa,2025-09-14 12:03:31,,2025-08-10 19:40:36,2025-11-02 19:40:36
168,493,DHL,0e3c5056-0acc-4c2c-98ab-1b4fe16c3924,2025-08-25 17:20:26,,2025-11-02 19:40:36,2025-10-31 19:40:36
169,496,UPS,370cb510-a0cd-41c0-a576-b58cbb95c12a,2025-07-16 06:07:38,2025-07-21 06:07:38,2025-10-04 19:40:36,2025-10-09 19:40:36
170,498,UPS,f16aa9f4-60eb-4dba-9fe5-eb184cc37f04,2025-07-14 00:28:00,,2025-09-25 19:40:36,2025-10-08 19:40:36
171,501,DHL,a3e06e5b-e928-4597-aa5a-ca54937ccd66,2025-10-15 22:39:05,,2025-08-28 19:40:36,2025-10-31 19:40:36
172,503,USPS,51fd5392-3207-4f36-a99c-2b56aa9a8286,2025-08-27 16:22:37,,2025-09-11 19:40:36,2025-10-13 19:40:36
173,505,UPS,507239a2-3c1b-4cd5-8ffc-b56bbd4a3123,2025-06-24 04:42:11,2025-06-28 04:42:11,2025-10-06 19:40:36,2025-10-29 19:40:36
174,506,USPS,754b582d-e452-4021-80f3-3b9d0729c472,2025-10-08 00:13:00,2025-10-13 00:13:00,2025-09-13 19:40:36,2025-10-23 19:40:36
175,507,USPS,082c8cb3-9818-4e81-847d-72a4c68830ee,2025-07-04 03:45:36,2025-07-08 03:45:36,2025-10-19 19:40:36,2025-10-20 19:40:36
176,513,FedEx,c0447b76-d2b6-413e-a29a-97a13749100d,2025-11-02 09:36:37,,2025-11-04 19:40:36,2025-10-30 19:40:36
177,518,USPS,c62045ad-96de-4b5d-9d0d-842bf8b32049,2025-09-17 20:51:24,,2025-10-25 19:40:36,2025-10-29 19:40:36
178,519,FedEx,8b0b318e-038e-48b2-a7f4-cdb27c0e2ba5,2025-08-11 09:34:34,,2025-09-17 19:40:36,2025-11-04 19:40:36
179,523,FedEx,a0970908-ef86-44c6-a47d-3a4d81f35b9a,2025-09-30 01:06:55,,2025-09-11 19:40:36,2025-11-03 19:40:36
180,531,FedEx,25b60f85-04f4-4fa9-808b-1aeecfdf4c43,2025-10-23 16:59:18,2025-10-27 16:59:18,2025-09-06 19:40:36,2025-10-23 19:40:36
181,532,UPS,57798332-7bb0-445e-83a7-fda2b025a09a,2025-07-02 18:13:48,2025-07-04 18:13:48,2025-08-27 19:40:36,2025-10-24 19:40:36
182,534,UPS,0fb492e7-0bb8-4aac-a46c-dabc4bfebab1,2025-08-03 06:28:20,2025-08-08 06:28:20,2025-08-13 19:40:36,2025-10-26 19:40:36
183,538,DHL,3f233fa7-806d-4ea6-929a-e9816f012bd3,2025-10-25 05:40:17,,2025-09-15 19:40:36,2025-10-21 19:40:36
184,539,FedEx,0466ffb5-1da3-47d5-93dd-d37977109a4a,2025-09-22 00:17:04,2025-09-26 00:17:04,2025-09-24 19:40:36,2025-10-25 19:40:36
185,541,USPS,8562906f-3717-4af6-9998-f46530cb0ab8,2025-10-29 15:10:41,2025-11-01 15:10:41,2025-09-29 19:40:36,2025-10-21 19:40:36
186,544,USPS,56bf6ee9-60c3-4f80-8e9c-659b20342140,2025-10-25 03:21:11,,2025-10-16 19:40:36,2025-11-06 19:40:36
187,545,UPS,1de43526-233f-4578-8e98-c105479bfc51,2025-10-04 14:38:55,,2025-10-02 19:40:36,2025-10-28 19:40:36
188,550,DHL,2c581d44-95e7-4bb2-a03b-aaa50414cea5,2025-10-08 10:32:55,,2025-10-08 19:40:36,2025-10-22 19:40:36
189,551,FedEx,dfafdd19-3cc6-4b13-abb7-8089525768ca,2025-10-14 16:41:55,,2025-08-09 19:40:36,2025-10-15 19:40:36
190,554,USPS,3ed92ab9-fb62-4548-ba6f-200daf708c46,2025-09-24 01:45:01,,2025-10-12 19:40:36,2025-10-29 19:40:36
191,555,USPS,e33403da-585b-4a81-86ec-a8ca53f78c0b,2025-10-29 07:58:39,2025-11-05 07:58:39,2025-08-12 19:40:36,2025-10-10 19:40:36
192,558,DHL,23375a34-be7c-4b75-8e72-2c7fe3e40af6,2025-08-18 18:27:57,2025-08-19 18:27:57,2025-10-18 19:40:36,2025-10-20 19:40:36
193,560,DHL,91a20852-9563-4a68-b0c3-b64b1fe983c5,2025-08-10 15:47:12,,2025-09-11 19:40:36,2025-10-21 19:40:36
194,563,USPS,e735b118-8332-42de-8daa-827cb387dd68,2025-08-01 12:00:52,2025-08-07 12:00:52,2025-08-14 19:40:36,2025-11-02 19:40:36
195,565,USPS,edb6bc9f-646c-47c3-a9a0-5bbf9c0ac75d,2025-10-10 11:51:21,,2025-10-12 19:40:36,2025-10-10 19:40:36
196,567,DHL,de7c3a6f-632e-4f83-8be7-661e44640572,2025-09-14 21:34:08,2025-09-16 21:34:08,2025-11-06 19:40:36,2025-10-18 19:40:36
197,569,USPS,dcf1f837-a4ba-4a5d-915d-e10b17c93fb0,2025-08-26 08:57:55,2025-09-02 08:57:55,2025-08-17 19:40:36,2025-10-09 19:40:36
198,571,USPS,b6dfa01a-6d3a-4b1b-8fa2-f421a677f23e,2025-09-06 07:16:07,,2025-09-18 19:40:36,2025-10-14 19:40:36
199,572,UPS,6d8d224a-bfb2-4a62-bc76-b7fb756c5bc7,2025-08-17 17:02:21,2025-08-19 17:02:21,2025-08-29 19:40:36,2025-10-25 19:40:36
200,575,USPS,23365302-7c91-488d-a173-dbd5ae16ab62,2025-10-09 18:23:31,,2025-10-26 19:40:36,2025-10-20 19:40:36
201,578,UPS,fb773849-e32e-4339-9506-11dbecf9ae74,2025-07-18 10:17:00,,2025-08-12 19:40:36,2025-10-23 19:40:36
202,582,UPS,d377b0fc-245f-40a2-9d78-3b8c7ba6c724,2025-08-13 14:14:57,2025-08-18 14:14:57,2025-10-21 19:40:36,2025-10-11 19:40:36
203,585,DHL,dc86aae8-6d05-4483-93f6-f7859d82ffe9,2025-11-05 20:29:56,2025-11-12 20:29:56,2025-09-08 19:40:36,2025-10-15 19:40:36
204,586,DHL,32294db5-a48c-41c4-b9d2-145a994e0fa3,2025-09-04 02:23:51,,2025-09-10 19:40:36,2025-11-05 19:40:36
205,587,USPS,cd71f712-b858-4b02-ba5d-163db6a85d4a,2025-08-28 23:00:25,2025-09-03 23:00:25,2025-10-11 19:40:36,2025-11-06 19:40:36
206,588,FedEx,9d3609bc-7496-4f80-830c-b2f87c93200d,2025-08-27 10:37:39,2025-09-02 10:37:39,2025-08-24 19:40:36,2025-10-26 19:40:36
207,590,FedEx,6ad8de11-be69-499b-bea3-c6db6ce3a1f3,2025-08-10 20:12:28,2025-08-11 20:12:28,2025-10-06 19:40:36,2025-10-15 19:40:36
208,592,FedEx,45bc05dc-d13e-42ef-bab1-6e05922bc83a,2025-10-21 12:04:09,2025-10-23 12:04:09,2025-08-21 19:40:36,2025-10-19 19:40:36
209,594,USPS,dbef0f8a-337a-4aa8-a720-f14a1b67a615,2025-11-04 19:18:24,,2025-08-13 19:40:36,2025-11-03 19:40:36
210,597,DHL,d18674f6-2152-45bb-a57e-4ce13b34d8cb,2025-08-14 22:13:57,2025-08-18 22:13:57,2025-10-03 19:40:36,2025-11-04 19:40:36
211,600,DHL,8fa5d123-5c67-426d-a01c-ccb591703587,2025-09-17 08:04:27,,2025-10-02 19:40:36,2025-11-01 19:40:36
212,601,UPS,c8ddba8f-4238-4907-95ee-d63f81b13fe5,2025-05-28 05:15:47,,2025-09-18 19:40:36,2025-10-26 19:40:36
213,602,DHL,4d334544-d43b-4c07-b4b2-4c2fe872851d,2025-10-11 09:25:37,2025-10-14 09:25:37,2025-10-17 19:40:36,2025-10-23 19:40:36
214,604,UPS,4ebe7cdc-a6a2-485c-a0a1-b1789abb6248,2025-11-04 07:14:36,,2025-09-02 19:40:36,2025-10-24 19:40:36
215,611,UPS,d487f2ae-4d98-439c-916c-e022c431d95d,2025-11-05 16:07:26,,2025-10-06 19:40:36,2025-10-20 19:40:36
216,612,UPS,a4c12ba3-51f7-4179-881e-ef6264dc5c38,2025-10-11 17:38:10,,2025-10-06 19:40:36,2025-11-02 19:40:36
217,614,DHL,e15b330f-8d49-4eab-b04b-053be90d6baa,2025-10-15 16:06:55,2025-10-19 16:06:55,2025-09-28 19:40:36,2025-11-05 19:40:36
218,619,USPS,90ff06fe-8a66-472b-81a9-f4a089bc2715,2025-10-01 21:42:27,2025-10-07 21:42:27,2025-11-06 19:40:36,2025-10-14 19:40:36
219,620,UPS,30c46a93-f9e7-4b52-b711-375bf3ca65f3,2025-09-21 23:22:21,,2025-09-24 19:40:36,2025-10-14 19:40:36
220,622,DHL,d7b190ee-cd6a-49f7-b746-66dac0f90766,2025-10-01 07:24:32,,2025-10-20 19:40:36,2025-11-06 19:40:36
221,623,FedEx,8d3e8d22-7210-4145-8299-36df08eb7f26,2025-09-09 09:08:59,,2025-08-20 19:40:36,2025-10-17 19:40:36
222,624,USPS,0d5767c2-bec0-4838-921b-845d4f7f1f30,2025-10-31 03:45:50,2025-11-02 03:45:50,2025-10-15 19:40:36,2025-11-01 19:40:36
223,625,USPS,ca2e3256-b3c1-484d-929a-196472defc21,2025-08-15 15:34:17,,2025-10-31 19:40:36,2025-10-09 19:40:36
224,626,USPS,d0bf87b2-8562-44b5-8aa7-03c0c2d9d8ac,2025-11-05 17:20:19,,2025-08-22 19:40:36,2025-10-16 19:40:36
225,627,FedEx,948805b4-3b03-4a8a-b74b-9657c7706fd2,2025-09-17 03:45:06,,2025-10-18 19:40:36,2025-10-25 19:40:36
226,630,USPS,071ec2b5-6633-44fa-a2c3-c27dc0bf8cb6,2025-08-31 00:19:03,2025-09-01 00:19:03,2025-10-06 19:40:36,2025-11-05 19:40:36
227,633,FedEx,7f0acf40-68d1-4342-a315-77e1957a71c2,2025-10-09 19:41:54,,2025-10-20 19:40:36,2025-10-21 19:40:36
228,634,USPS,352ebc1a-d065-4b90-a706-ddb315eff2f4,2025-10-24 23:39:20,,2025-10-15 19:40:36,2025-10-14 19:40:36
229,635,USPS,01b9751a-a91b-4b86-ae73-e7089a8bc8d5,2025-11-01 18:29:19,2025-11-05 18:29:19,2025-09-19 19:40:36,2025-10-13 19:40:36
230,637,UPS,76c946fa-485c-4b67-9ba0-8f725f8789db,2025-08-21 18:55:38,2025-08-26 18:55:38,2025-08-19 19:40:36,2025-10-20 19:40:36
231,638,DHL,ff67f3ca-eb55-431b-8caa-e5a746541de5,2025-09-18 09:17:33,2025-09-22 09:17:33,2025-08-13 19:40:36,2025-11-05 19:40:36
232,642,DHL,25974dff-4e2e-4e46-9bcd-b110dcaa4c89,2025-09-23 10:13:24,,2025-10-16 19:40:36,2025-10-22 19:40:36
233,646,USPS,c2a7eb87-c76b-42ff-9313-a1fa6951948c,2025-10-25 17:30:37,2025-10-27 17:30:37,2025-11-01 19:40:36,2025-10-27 19:40:36
234,649,FedEx,af443f4f-c37e-4337-988f-232d86bee1e6,2025-08-03 22:58:41,,2025-08-10 19:40:36,2025-10-31 19:40:36
235,655,FedEx,4a57e975-ec5a-4a14-807a-4f7b2d0c1231,2025-10-01 04:53:57,,2025-10-06 19:40:36,2025-11-02 19:40:36
236,658,DHL,ab8faa63-da13-4478-a3da-b376e936f128,2025-10-25 19:33:06,2025-11-01 19:33:06,2025-09-24 19:40:36,2025-10-12 19:40:36
237,666,USPS,c97678d5-fb8c-4370-8db1-0dc0e711ca14,2025-10-16 18:24:41,,2025-10-15 19:40:36,2025-10-27 19:40:36
238,670,USPS,d561a3ad-14fc-4534-adb1-30a19806390e,2025-06-19 19:34:57,2025-06-24 19:34:57,2025-10-21 19:40:36,2025-10-28 19:40:36
239,672,FedEx,f4ce429b-4022-4c6f-8f73-4fa81a5ff563,2025-07-29 20:35:26,,2025-08-11 19:40:36,2025-10-24 19:40:36
240,683,UPS,66a60bd0-51d5-4424-8f39-1cbbfb4065fc,2025-10-28 12:52:37,2025-10-29 12:52:37,2025-10-06 19:40:36,2025-11-06 19:40:36
241,684,UPS,049edcf7-8efc-4955-beb3-58a453c02db4,2025-10-03 09:19:03,,2025-10-07 19:40:36,2025-10-23 19:40:36
242,688,DHL,3522531e-6d1c-4e78-a5f8-092687c6a576,2025-11-02 06:16:07,2025-11-05 06:16:07,2025-11-02 19:40:36,2025-10-11 19:40:36
243,690,USPS,8dc9b8b2-5b1b-4ad3-822c-7606efbfb884,2025-05-31 19:10:20,2025-06-03 19:10:20,2025-09-10 19:40:36,2025-10-19 19:40:36
244,691,USPS,139567b8-9f4e-49a5-88eb-a4c41299a302,2025-10-17 12:39:34,,2025-11-05 19:40:36,2025-10-21 19:40:36
245,693,FedEx,6d467b96-451f-41d0-a55f-bf5f2c03298b,2025-07-24 02:00:14,,2025-08-10 19:40:36,2025-11-05 19:40:36
246,698,FedEx,b8bf0605-3b67-4203-97a7-3b5c730e9210,2025-10-12 23:01:24,,2025-09-22 19:40:36,2025-10-15 19:40:36
247,699,USPS,b0ef7357-7507-4fbd-8bcb-c6be2103bac7,2025-10-31 18:08:18,,2025-10-17 19:40:36,2025-10-18 19:40:36
248,704,DHL,69ec4c63-27e4-4d8f-842a-77b9d121ec44,2025-11-03 04:12:55,,2025-10-22 19:40:36,2025-10-08 19:40:36
249,706,UPS,7503bb85-187b-4ec0-9320-9e3d47ec9295,2025-10-29 23:45:40,,2025-08-31 19:40:36,2025-10-13 19:40:36
250,708,USPS,bf8b8087-64d3-4285-8e12-4ef65bf9ec7b,2025-10-13 16:23:14,2025-10-20 16:23:14,2025-11-01 19:40:36,2025-10-16 19:40:36
251,709,DHL,65e31d91-8776-4610-a904-c578db9dec8a,2025-08-26 16:12:32,2025-09-01 16:12:32,2025-10-03 19:40:36,2025-11-03 19:40:36
252,710,DHL,6e345556-2e2e-4554-8608-0ddaf5546d00,2025-06-28 17:30:55,2025-07-02 17:30:55,2025-10-09 19:40:36,2025-10-16 19:40:36
253,711,FedEx,fcc03492-6126-4078-9fce-d8afb1f1dbbd,2025-06-17 23:52:44,,2025-10-21 19:40:36,2025-11-03 19:40:36
254,715,USPS,d7aacb56-d750-440b-a42f-6a216ffbeba7,2025-11-06 17:34:17,2025-11-11 17:34:17,2025-09-16 19:40:36,2025-10-26 19:40:36
255,717,FedEx,e8abe728-ec69-4911-896e-199aaa034055,2025-10-13 19:45:57,,2025-09-30 19:40:36,2025-10-10 19:40:36
256,722,DHL,38b58a65-35c9-4d48-bc07-dcbf61e8ebe6,2025-10-02 15:38:36,2025-10-06 15:38:36,2025-10-15 19:40:36,2025-10-15 19:40:36
257,726,DHL,e5a60975-2024-4b4a-9ec4-6616583678d5,2025-07-23 03:23:17,2025-07-26 03:23:17,2025-10-09 19:40:36,2025-11-06 19:40:36
258,728,USPS,86615ff3-bb78-4884-abfa-9651ef377f0c,2025-11-06 13:43:52,,2025-08-29 19:40:36,2025-10-30 19:40:36
259,729,DHL,eada3531-896f-4134-9c3c-680d061fc526,2025-09-29 21:44:58,2025-10-06 21:44:58,2025-08-29 19:40:36,2025-10-21 19:40:36
260,730,FedEx,0de99449-16c0-4ab9-bbf5-c1d425a8456f,2025-07-02 08:17:06,,2025-10-18 19:40:36,2025-10-28 19:40:36
261,742,FedEx,7fa2fd12-5879-4f44-941c-a5f17543073c,2025-08-28 22:48:55,,2025-08-30 19:40:36,2025-11-02 19:40:36
262,744,DHL,f4915940-3dac-4d06-bec3-35edbecfa39f,2025-06-02 04:50:54,2025-06-04 04:50:54,2025-08-17 19:40:36,2025-10-10 19:40:36
263,745,FedEx,ac696185-aeb2-4de6-9d71-ae796021dc7a,2025-11-04 17:32:16,2025-11-10 17:32:16,2025-09-05 19:40:36,2025-10-19 19:40:36
264,750,FedEx,4cda0959-5e83-4e67-af6f-634815f9dad4,2025-06-29 06:53:53,,2025-08-30 19:40:36,2025-10-27 19:40:36
265,756,USPS,94cfb117-43b5-4770-9bdd-04e58c2b4759,2025-10-10 15:37:35,,2025-08-14 19:40:36,2025-10-10 19:40:36
266,757,USPS,3a128f66-3163-45e6-89ac-a95d0770db1b,2025-10-23 05:18:45,2025-10-26 05:18:45,2025-09-30 19:40:36,2025-10-11 19:40:36
267,762,FedEx,5f0eedb8-4685-47fa-b6eb-8c8fe4d42f75,2025-10-26 07:13:01,,2025-08-26 19:40:36,2025-10-07 19:40:36
268,766,DHL,9ab65935-5f67-4df5-8b6f-a68c728f70c3,2025-10-30 00:51:42,,2025-10-29 19:40:36,2025-10-27 19:40:36
269,767,UPS,0c7c7bcc-abb4-42c5-a842-70e6db742c83,2025-10-02 10:23:28,2025-10-08 10:23:28,2025-09-24 19:40:36,2025-10-15 19:40:36
270,769,DHL,20689386-0f1f-4266-b7a4-88aeb8bb19e6,2025-06-15 12:56:21,2025-06-22 12:56:21,2025-10-04 19:40:36,2025-10-12 19:40:36
271,775,UPS,ad22837e-4d3a-4c1a-8057-563893a1770a,2025-09-30 05:30:10,,2025-10-17 19:40:36,2025-11-03 19:40:36
272,777,FedEx,76a14ec9-6693-4715-b7aa-5e86546861c4,2025-09-14 02:31:43,2025-09-18 02:31:43,2025-10-31 19:40:36,2025-10-22 19:40:36
273,783,USPS,2e65a3cb-32cf-4994-a56b-5340338b78fd,2025-10-27 10:30:45,2025-10-28 10:30:45,2025-08-13 19:40:36,2025-10-25 19:40:36
274,786,DHL,637b1291-b844-411f-ba5a-36b73f2c169f,2025-06-27 21:15:08,2025-06-30 21:15:08,2025-08-28 19:40:36,2025-10-20 19:40:36
275,789,DHL,3bf88195-bfb1-4d15-8e10-1b72daffab06,2025-10-12 01:50:47,,2025-10-17 19:40:36,2025-10-13 19:40:36
276,791,USPS,a94ad0bf-7507-4fb5-ac7a-4b6b7c65193f,2025-08-17 04:39:28,,2025-09-27 19:40:36,2025-10-25 19:40:36
277,793,FedEx,87369e4d-8084-4e01-a546-828dd17b7a13,2025-11-04 18:35:33,,2025-08-16 19:40:36,2025-11-02 19:40:36
278,795,UPS,651e19ab-7919-485c-b9af-04780b795f7f,2025-11-04 02:25:58,,2025-09-25 19:40:36,2025-11-06 19:40:36
279,799,FedEx,92343cca-e396-42ad-823f-eba259c04403,2025-10-26 00:02:05,,2025-09-05 19:40:36,2025-10-29 19:40:36
280,800,USPS,9b1ecf81-45dd-4052-8db9-80d79d2af121,2025-09-21 12:29:52,2025-09-22 12:29:52,2025-09-20 19:40:36,2025-11-04 19:40:36
281,802,FedEx,2bd61b14-8164-4631-8aa4-def6481dcf1d,2025-10-19 18:37:51,2025-10-20 18:37:51,2025-11-02 19:40:36,2025-10-18 19:40:36
282,803,DHL,acffc3b8-35a3-4b3b-8641-f7ad342e01d1,2025-10-13 21:27:52,,2025-09-09 19:40:36,2025-10-09 19:40:36
283,806,DHL,c68e1483-11c6-4e5b-a4e8-292fcf845c34,2025-10-04 06:00:29,,2025-10-20 19:40:36,2025-11-05 19:40:36
284,807,USPS,f818e06e-6830-4591-8bb5-f63f77c95dc2,2025-10-02 09:11:16,2025-10-05 09:11:16,2025-08-27 19:40:36,2025-10-23 19:40:36
285,809,FedEx,e45aea9c-e47a-48f8-b91e-ad9caa465790,2025-09-15 02:30:58,,2025-09-14 19:40:36,2025-11-02 19:40:36
286,811,UPS,b0e102c5-e306-44ec-baa3-f13aa6046b4c,2025-09-24 20:23:38,2025-09-26 20:23:38,2025-09-30 19:40:36,2025-10-12 19:40:36
287,815,DHL,95afe1d1-e9ac-47e8-b9cd-62d16990e009,2025-08-09 22:48:45,,2025-10-16 19:40:36,2025-10-26 19:40:36
288,816,USPS,d3f3cfe7-b96f-4783-931f-da16e9dee7c9,2025-10-21 13:29:58,2025-10-28 13:29:58,2025-08-08 19:40:36,2025-10-21 19:40:36
289,817,FedEx,e20fa123-223b-4c08-a1d6-baa6d8ad6e52,2025-09-18 19:53:22,,2025-08-16 19:40:36,2025-10-16 19:40:36
290,818,USPS,531a598a-cea5-4313-8f9f-cda8dad13d63,2025-08-11 17:47:30,,2025-10-01 19:40:36,2025-10-28 19:40:36
291,819,USPS,d6a65947-75ee-4ca9-8e86-2dc42b8bbfbb,2025-08-29 19:38:09,2025-09-05 19:38:09,2025-10-24 19:40:36,2025-10-21 19:40:36
292,822,DHL,b7fd0fdc-59b9-4ebb-aca8-e9576e625bc7,2025-10-25 23:22:14,2025-10-27 23:22:14,2025-09-11 19:40:36,2025-10-23 19:40:36
293,823,DHL,1fd0f106-4c07-47ec-a06e-bf1eef56115e,2025-10-10 22:19:21,2025-10-12 22:19:21,2025-10-21 19:40:36,2025-10-09 19:40:36
294,829,FedEx,03a0be80-d933-4ea9-bd15-b7ca66a9b9f4,2025-10-18 00:20:35,,2025-09-09 19:40:36,2025-11-06 19:40:36
295,831,DHL,f8141329-5689-4472-b605-f53f1aed0fa4,2025-10-26 21:05:45,,2025-08-14 19:40:36,2025-10-08 19:40:36
296,832,USPS,7c030a03-6ac4-4f41-9a40-46acb44094a9,2025-09-21 02:53:28,,2025-08-24 19:40:36,2025-10-20 19:40:36
297,833,DHL,bca552af-842b-4aaf-8fdb-e8e732eaa560,2025-09-01 17:40:43,,2025-09-21 19:40:36,2025-10-18 19:40:36
298,834,DHL,65fe84fb-dd4c-458b-8694-7030c8b6f498,2025-09-17 03:26:50,2025-09-23 03:26:50,2025-10-22 19:40:36,2025-10-07 19:40:36
299,837,USPS,b48e2de3-6a54-496a-a35a-ebd004cf71b0,2025-07-24 16:14:25,,2025-09-28 19:40:36,2025-10-14 19:40:36
300,838,USPS,1afd00bd-d125-42ec-bad0-94da647a429d,2025-10-15 15:41:34,,2025-09-21 19:40:36,2025-10-08 19:40:36
301,840,USPS,cf79b39f-0d75-44a7-89fd-9a779270c807,2025-10-30 15:20:56,,2025-09-19 19:40:36,2025-11-01 19:40:36
302,841,FedEx,17578330-1ad4-4e8a-850f-cf51296fa6e4,2025-10-20 07:37:37,2025-10-27 07:37:37,2025-10-16 19:40:36,2025-10-24 19:40:36
303,843,FedEx,5c5ac483-d8d9-42d3-8a06-84c9c0b3d183,2025-09-30 02:33:15,,2025-08-17 19:40:36,2025-10-31 19:40:36
304,845,USPS,d19469ba-8623-4ae9-925f-cc17b76e8087,2025-07-26 12:14:08,2025-07-31 12:14:08,2025-11-02 19:40:36,2025-10-17 19:40:36
305,848,DHL,8f9d77b3-e5e8-4210-a9f5-fb4c70a9f7fb,2025-09-11 09:02:02,,2025-09-05 19:40:36,2025-10-10 19:40:36
306,849,UPS,e0097d5c-3120-4d48-9357-6c114834b5ec,2025-10-26 22:59:14,,2025-11-01 19:40:36,2025-10-24 19:40:36
307,859,DHL,484669ea-4f25-42b4-b608-c245970cf4ac,2025-10-10 21:57:39,2025-10-17 21:57:39,2025-09-13 19:40:36,2025-10-08 19:40:36
308,861,UPS,49492b34-f1c4-4d7f-b324-482b306f4d44,2025-09-01 03:15:09,,2025-10-15 19:40:36,2025-10-09 19:40:36
309,862,USPS,fe715541-e3de-413e-a1e1-ad2effb15c25,2025-10-29 11:13:04,,2025-09-01 19:40:36,2025-10-18 19:40:36
310,866,UPS,a50d119a-223c-4f5b-831f-b697489f07d4,2025-08-29 13:38:49,2025-08-30 13:38:49,2025-10-24 19:40:36,2025-10-09 19:40:36
311,867,DHL,311af9cf-307e-4dd9-a4eb-acd550bddef0,2025-08-29 16:16:50,,2025-10-06 19:40:36,2025-10-08 19:40:36
312,870,DHL,68f6ce8d-492c-403f-938f-6b7363a0a717,2025-10-17 20:16:10,,2025-09-04 19:40:36,2025-10-10 19:40:36
313,872,DHL,63a101f2-77cd-445d-a945-f625c9fa577f,2025-11-06 14:21:36,2025-11-08 14:21:36,2025-08-11 19:40:36,2025-10-29 19:40:36
314,874,DHL,ea512d96-77b9-425b-8db4-83673d45f4da,2025-07-09 22:09:41,2025-07-15 22:09:41,2025-09-21 19:40:36,2025-10-16 19:40:36
315,875,FedEx,024b7f2d-b685-4477-b774-c0aceea2400f,2025-09-10 12:24:26,,2025-10-08 19:40:36,2025-10-08 19:40:36
316,878,DHL,4513255b-0454-4f7e-ac5d-4b3ac2748223,2025-10-20 14:14:46,2025-10-26 14:14:46,2025-10-08 19:40:36,2025-10-12 19:40:36
317,881,USPS,3b3eea49-573f-41c1-99b0-a448dc0dc486,2025-08-08 17:15:51,2025-08-11 17:15:51,2025-09-15 19:40:36,2025-11-03 19:40:36
318,883,FedEx,7f003c7a-10ef-4d2f-98d8-b9a1692f7f07,2025-10-20 19:11:30,2025-10-27 19:11:30,2025-08-14 19:40:36,2025-10-11 19:40:36
319,884,UPS,30cca11b-e5c1-4392-92e8-d4351e471d20,2025-10-15 15:27:39,,2025-09-09 19:40:36,2025-10-08 19:40:36
320,887,UPS,19a87b29-c64f-462f-82a5-4e4cae172dad,2025-08-18 18:50:36,2025-08-19 18:50:36,2025-10-12 19:40:36,2025-10-12 19:40:36
321,889,UPS,08f40ac3-427c-4611-af74-e61a871c200e,2025-11-02 00:30:45,2025-11-03 00:30:45,2025-10-11 19:40:36,2025-11-06 19:40:36
322,890,FedEx,968bad9c-572d-4226-94d2-4a7ff54e2818,2025-09-12 12:20:21,,2025-08-14 19:40:36,2025-10-16 19:40:36
323,892,USPS,097e530d-874e-4aae-8c3f-23b082804811,2025-06-17 22:21:25,2025-06-19 22:21:25,2025-10-07 19:40:36,2025-10-17 19:40:36
324,893,FedEx,bb0473e1-0846-451f-af59-abb3fbafe568,2025-10-29 18:21:12,2025-11-04 18:21:12,2025-09-10 19:40:36,2025-10-20 19:40:36
325,895,UPS,ddf94e72-08aa-4e94-b919-aac7f1f72f0a,2025-06-03 17:21:06,2025-06-04 17:21:06,2025-08-08 19:40:36,2025-10-24 19:40:36
326,897,DHL,561bdc3c-ffab-469b-8385-8d6bf6ca1ae7,2025-07-19 01:16:27,2025-07-23 01:16:27,2025-08-30 19:40:36,2025-11-01 19:40:36
327,902,USPS,a016caef-c189-4fc7-9be1-ec8e87d8efe9,2025-10-07 03:50:27,,2025-10-06 19:40:36,2025-10-10 19:40:36
328,905,FedEx,ac9f3e89-f054-4a97-9166-bf36d2d25d19,2025-10-01 13:33:25,,2025-08-13 19:40:36,2025-10-10 19:40:36
329,913,DHL,1cdd90eb-1900-4d5c-9825-d49e9c8f6cd2,2025-11-06 08:18:06,,2025-09-13 19:40:36,2025-10-09 19:40:36
330,917,UPS,2ad97ebc-0926-4c77-a091-2cf66c795289,2025-08-18 14:39:04,2025-08-21 14:39:04,2025-10-08 19:40:36,2025-10-24 19:40:36
331,920,USPS,9553d1b9-4079-4caf-87d4-89a9e31cf83a,2025-10-24 12:11:00,2025-10-25 12:11:00,2025-10-27 19:40:36,2025-11-01 19:40:36
332,921,USPS,8ab9ec94-d9fe-4531-8613-8949a2409523,2025-06-17 09:33:23,,2025-09-13 19:40:36,2025-10-09 19:40:36
333,924,DHL,7c5259f7-9294-4d46-b04b-49f8d03f87ef,2025-11-03 06:38:28,,2025-11-01 19:40:36,2025-10-17 19:40:36
334,928,DHL,6bf5e17a-7bfe-4d5c-8d7b-0f8e7b3cd2c0,2025-10-25 11:54:06,2025-10-28 11:54:06,2025-08-23 19:40:36,2025-10-08 19:40:36
335,938,UPS,e92fb475-bf87-4104-8747-763f967671c2,2025-08-27 04:54:29,2025-08-30 04:54:29,2025-10-16 19:40:36,2025-11-01 19:40:36
336,941,FedEx,2439e9f5-ac90-4c2d-86b9-01c02faf3878,2025-11-01 05:42:41,,2025-10-01 19:40:36,2025-10-27 19:40:36
337,942,FedEx,09fc90af-d7f7-46fc-970f-c5f4eda689a5,2025-07-09 16:53:36,,2025-10-07 19:40:36,2025-10-10 19:40:36
338,944,FedEx,5de9c98f-7a3e-48bc-9119-b9d510b99191,2025-10-20 10:49:04,2025-10-24 10:49:04,2025-09-01 19:40:36,2025-10-29 19:40:36
339,945,DHL,49054573-6430-4af4-a489-54367a41ef72,2025-11-06 06:09:13,2025-11-09 06:09:13,2025-10-14 19:40:36,2025-10-26 19:40:36
340,946,UPS,61665fe9-3d91-41ef-a5a1-e82ea85de5ac,2025-09-30 14:21:44,,2025-08-12 19:40:36,2025-10-07 19:40:36
341,950,FedEx,7d9db96d-ab1d-4906-8b96-fcb35513ea2e,2025-10-24 05:45:31,,2025-09-03 19:40:36,2025-10-25 19:40:36
342,956,DHL,5dadb91c-dfbb-4ea9-a0ed-78fd1c1e9aa7,2025-10-31 13:47:52,,2025-10-31 19:40:36,2025-10-10 19:40:36
343,958,DHL,f27f8705-946d-4daf-9157-6457ee0bea20,2025-10-24 09:55:02,,2025-09-01 19:40:36,2025-10-17 19:40:36
344,962,UPS,566d32ea-47a8-4aa7-bf6f-b77df395f959,2025-08-22 02:57:46,,2025-10-23 19:40:36,2025-11-02 19:40:36
345,964,UPS,a27bed08-867b-4f80-b86f-e1a9c30728cf,2025-10-24 04:27:20,,2025-10-15 19:40:36,2025-11-04 19:40:36
346,965,FedEx,95ac180c-3dad-4447-84ed-df6f07e91401,2025-08-13 01:29:54,,2025-09-22 19:40:36,2025-10-25 19:40:36
347,967,FedEx,0b86d9a5-6031-4b3b-8b8d-f30ae2035bda,2025-09-17 19:51:11,,2025-10-09 19:40:36,2025-10-08 19:40:36
348,971,USPS,ec1f1609-5aa7-4541-948e-3255822c74b3,2025-09-04 22:12:05,2025-09-11 22:12:05,2025-10-18 19:40:36,2025-11-05 19:40:36
349,973,DHL,50184dbb-6773-493a-a020-4b73851fb668,2025-10-28 07:37:52,2025-11-01 07:37:52,2025-10-10 19:40:36,2025-10-27 19:40:36
350,975,FedEx,695842fd-bf60-40a6-af2e-d51d07aa4d85,2025-10-11 13:43:22,,2025-10-21 19:40:36,2025-10-16 19:40:36
351,980,USPS,7be6f840-c4b0-4f09-9802-ab423a9b0b3e,2025-10-30 17:35:34,2025-10-31 17:35:34,2025-09-27 19:40:36,2025-10-08 19:40:36
352,981,UPS,46af18aa-9e93-42c3-954f-2f37819cbce6,2025-10-17 19:49:14,,2025-08-17 19:40:36,2025-11-02 19:40:36
353,982,DHL,39a69c17-fb66-4728-99c5-1ba13a2f7868,2025-09-22 01:02:34,2025-09-24 01:02:34,2025-09-23 19:40:36,2025-10-26 19:40:36
354,991,UPS,3b9f1541-5a25-4658-ba94-3b219771935a,2025-10-06 00:13:28,2025-10-13 00:13:28,2025-09-24 19:40:36,2025-10-13 19:40:36
355,993,UPS,568b3960-a925-4f13-9706-64c651993333,2025-10-30 20:30:58,,2025-09-26 19:40:36,2025-10-10 19:40:36
356,998,USPS,a0c548c6-cbdf-4deb-889f-291458b78daa,2025-10-26 12:28:20,2025-10-27 12:28:20,2025-09-08 19:40:36,2025-10-07 19:40:36
